"Course","Students"
0,4786
1,4971
2,4925
3,5013
4,4893
5,4965
6,4845
7,4882
8,4991
9,4902
10,4857
11,4893
12,4919
13,4850
14,4973
15,4935
16,4838
17,4898
18,4966
19,4977
20,4859
21,4980
22,4802
23,4929
24,4890
25,4920
26,4976
27,4951
28,4965
29,4860
30,4960
31,4919
32,4928
33,5035
34,4873
35,4833
36,4895
37,5073
38,4873
39,4970
40,5042
41,4969
42,4884
43,4912
44,4918
45,4957
46,4877
47,4979
48,4909
49,4966
50,5051
51,5079
52,4931
53,4856
54,4909
55,4901
56,5103
57,4918
58,4842
59,5024
60,5053
61,5012
62,4882
63,4889
64,4847
65,4915
66,5071
67,4858
68,4900
69,4909
70,4967
71,4897
72,4934
73,4870
74,4992
75,4962
76,4903
77,4882
78,4946
79,5012
80,4857
81,4891
82,4989
83,4945
84,4883
85,4923
86,4854
87,4976
88,4963
89,4997
90,4959
91,4979
92,4951
93,4907
94,4886
95,4952
96,4976
97,4920
98,5101
99,4915
100,4987
101,4962
102,5054
103,4933
104,4996
105,5089
106,4986
107,4903
108,4862
109,4872
110,4847
111,4976
112,4830
113,4903
114,4964
115,5088
116,5103
117,4968
118,5031
119,4971
120,5022
121,4887
122,4832
123,4790
124,5005
125,4978
126,5063
127,4985
128,4923
129,4855
130,4889
131,4891
132,4956
133,5021
134,4888
135,4973
136,4931
137,4967
138,4955
139,4931
140,4890
141,4902
142,4897
143,4920
144,4867
145,5020
146,4954
147,4815
148,4857
149,4971
150,5026
151,4980
152,4910
153,4965
154,4883
155,4925
156,5024
157,4994
158,4867
159,4834
160,4974
161,4901
162,4950
163,4866
164,4975
165,4936
166,4799
167,4950
168,4866
169,5117
170,4980
171,4908
172,4993
173,5001
174,4991
175,4966
176,4829
177,5023
178,4939
179,4986
180,4920
181,4912
182,4867
183,4967
184,4979
185,4927
186,4960
187,4933
188,5100
189,4842
190,4963
191,4998
192,4893
193,4988
194,5068
195,5036
196,4974
197,4916
198,4929
199,5031
200,4875
201,4845
202,4835
203,4924
204,4958
205,5008
206,4914
207,4968
208,4947
209,4965
210,5108
211,4937
212,4986
213,4909
214,5066
215,4930
216,5041
217,4991
218,5101
219,4932
220,5076
221,4879
222,4916
223,5051
224,4925
225,5014
226,4913
227,4955
228,4952
229,4921
230,5041
231,4993
232,4827
233,4949
234,4983
235,4871
236,5021
237,5001
238,5032
239,5030
240,4955
241,4954
242,4927
243,4995
244,4981
245,4992
246,4924
247,4714
248,4888
249,4891
250,4963
251,4949
252,5061
253,4793
254,5057
255,4933
256,4982
257,5019
258,4860
259,4884
260,4884
261,4829
262,4883
263,5108
264,4936
265,4892
266,4939
267,4952
268,4927
269,4974
270,4993
271,4978
272,4904
273,4885
274,4858
275,4982
276,4865
277,4880
278,4864
279,4982
280,5141
281,4880
282,4943
283,4952
284,4956
285,4902
286,4957
287,4978
288,4906
289,4977
290,4959
291,5010
292,4921
293,4885
294,4937
295,4870
296,4942
297,4931
298,5054
299,4946
300,5009
301,4931
302,4996
303,4893
304,4930
305,5041
306,4997
307,4918
308,4851
309,5021
310,4878
311,5071
312,5038
313,4922
314,5044
315,4999
316,4969
317,4983
318,4927
319,4978
320,4987
321,4870
322,4902
323,5020
324,4875
325,4930
326,4907
327,5035
328,4930
329,4882
330,4926
331,5029
332,4966
333,4894
334,4970
335,4933
336,4925
337,4894
338,4822
339,5041
340,4874
341,4948
342,4950
343,4908
344,5007
345,4954
346,4797
347,4873
348,4914
349,4989
350,4835
351,5029
352,4963
353,4926
354,4984
355,4948
356,4898
357,4865
358,4781
359,4959
360,5130
361,4997
362,4810
363,4998
364,4847
365,4907
366,4914
367,5009
368,5038
369,4890
370,4823
371,5112
372,4922
373,4914
374,4908
375,4878
376,4907
377,4930
378,4910
379,4938
380,4908
381,5075
382,4821
383,4908
384,4885
385,4891
386,4926
387,5052
388,4988
389,5056
390,4998
391,4952
392,4945
393,4915
394,4914
395,4907
396,4872
397,4950
398,4961
399,5060
400,4988
401,4983
402,4863
403,4977
404,4836
405,4890
406,4897
407,4946
408,4912
409,4935
410,4873
411,5084
412,4893
413,4887
414,4928
415,5013
416,4923
417,4815
418,4958
419,5021
420,4996
421,4964
422,5052
423,4953
424,4843
425,4962
426,5080
427,5033
428,4976
429,4914
430,4970
431,4936
432,4945
433,4984
434,4904
435,4992
436,5020
437,4822
438,4940
439,4993
440,4930
441,4862
442,4976
443,4812
444,4834
445,5070
446,4925
447,4960
448,4939
449,4930
450,4990
451,5002
452,4957
453,4926
454,4968
455,4959
456,4971
457,4816
458,4901
459,4869
460,5026
461,4934
462,4940
463,4916
464,4967
465,4910
466,4973
467,4865
468,4878
469,4887
470,4967
471,4896
472,5029
473,4952
474,4967
475,4899
476,4964
477,4932
478,4973
479,4924
480,4914
481,4957
482,4932
483,4895
484,4983
485,5036
486,4866
487,5067
488,4898
489,4890
490,4895
491,4919
492,4920
493,4974
494,4754
495,4878
496,4953
497,4893
498,4894
499,4938
500,5042
501,4987
502,5020
503,4904
504,4981
505,5004
506,4834
507,4933
508,4950
509,4946
510,4954
511,4972
512,4985
513,4989
514,4937
515,5078
516,4947
517,4982
518,5032
519,4955
520,4950
521,4910
522,4917
523,4901
524,4911
525,5003
526,4856
527,5069
528,4992
529,5030
530,4918
531,4856
532,4791
533,4971
534,4949
535,4901
536,5019
537,4979
538,4907
539,5034
540,4912
541,4893
542,5031
543,5033
544,4995
545,4870
546,4701
547,4969
548,4880
549,4873
550,4908
551,4908
552,4941
553,4905
554,4955
555,4865
556,4900
557,5021
558,5045
559,4840
560,4862
561,4948
562,4876
563,5007
564,4951
565,4837
566,4995
567,4939
568,4939
569,4861
570,4943
571,4947
572,4653
573,4867
574,4809
575,4838
576,4988
577,4883
578,4904
579,4836
580,4884
581,4990
582,4906
583,4976
584,4840
585,4918
586,4989
587,4994
588,5090
589,4960
590,4868
591,4898
592,5011
593,5004
594,4947
595,5007
596,4872
597,4971
598,4934
599,4891
600,4827
601,4900
602,4961
603,4899
604,4997
605,5028
606,4835
607,4951
608,4953
609,4909
610,5069
611,5025
612,4868
613,4848
614,4978
615,5111
616,5004
617,4927
618,5014
619,4894
620,4922
621,4839
622,4992
623,4995
624,5015
625,4938
626,4943
627,4931
628,4992
629,4811
630,4970
631,4842
632,4940
633,4817
634,5030
635,5033
636,5158
637,5008
638,5021
639,4815
640,4894
641,5071
642,4965
643,4857
644,4860
645,4932
646,4996
647,4993
648,4971
649,4887
650,4906
651,4975
652,4958
653,4921
654,5004
655,4874
656,4974
657,5008
658,4899
659,5059
660,5032
661,4975
662,4993
663,4889
664,4989
665,4925
666,4989
667,4867
668,4940
669,4851
670,4848
671,4883
672,5022
673,4846
674,4990
675,4912
676,4958
677,4975
678,4869
679,4959
680,4907
681,4968
682,4808
683,4944
684,5069
685,4996
686,4838
687,4906
688,4947
689,4843
690,5060
691,5041
692,5015
693,4861
694,4929
695,5042
696,4814
697,4901
698,4964
699,5007
700,4989
701,5003
702,4917
703,4917
704,5028
705,4904
706,4911
707,5066
708,5053
709,4970
710,4948
711,5018
712,4905
713,4967
714,5034
715,4832
716,4940
717,5003
718,4934
719,4968
720,4911
721,4978
722,5011
723,4847
724,5013
725,4964
726,4901
727,4976
728,5020
729,5075
730,4816
731,4960
732,4905
733,5026
734,4966
735,4882
736,4776
737,4927
738,4936
739,4904
740,4935
741,4984
742,4988
743,5028
744,4992
745,5070
746,5027
747,4965
748,5043
749,5004
750,5037
751,4855
752,5019
753,4872
754,4951
755,4936
756,4991
757,4930
758,4880
759,5042
760,4970
761,4954
762,4946
763,4879
764,4993
765,4899
766,4978
767,4902
768,5004
769,4905
770,4836
771,4909
772,4807
773,5007
774,4954
775,4857
776,5004
777,4908
778,4877
779,4864
780,4865
781,5014
782,5008
783,4962
784,5000
785,4833
786,4919
787,4818
788,4986
789,5004
790,4910
791,4883
792,4898
793,4902
794,4916
795,4915
796,4931
797,4912
798,5027
799,5046
800,4991
801,4885
802,4912
803,4869
804,4918
805,4863
806,4906
807,4980
808,5092
809,5005
810,4905
811,5007
812,4938
813,4923
814,4902
815,5050
816,5088
817,4903
818,4964
819,5035
820,4990
821,5025
822,4904
823,4968
824,4970
825,4971
826,4995
827,4936
828,4993
829,5069
830,5032
831,4827
832,4967
833,5028
834,5037
835,4831
836,4898
837,4861
838,5019
839,4898
840,4870
841,4892
842,4926
843,4874
844,4896
845,4833
846,4883
847,4866
848,4889
849,4896
850,5026
851,4881
852,4817
853,4904
854,4915
855,4903
856,5010
857,4919
858,4946
859,5052
860,4898
861,5050
862,4889
863,5072
864,4967
865,4965
866,4933
867,5108
868,4993
869,4985
870,4879
871,4979
872,4917
873,4972
874,4998
875,4871
876,4921
877,4893
878,4874
879,4909
880,4811
881,5010
882,5006
883,4870
884,5005
885,4945
886,4938
887,4959
888,5045
889,4904
890,4929
891,4994
892,4909
893,5047
894,4936
895,4921
896,4917
897,4883
898,5015
899,5018
900,4946
901,5010
902,4909
903,5014
904,4949
905,5041
906,4932
907,5063
908,5014
909,4806
910,4966
911,4928
912,4893
913,4947
914,4953
915,4930
916,4898
917,4918
918,4863
919,4979
920,5038
921,5020
922,4913
923,4920
924,4946
925,4977
926,5000
927,4942
928,5016
929,4900
930,4792
931,4836
932,4902
933,4896
934,4826
935,5026
936,4873
937,4822
938,4934
939,4959
940,5033
941,4987
942,4903
943,4921
944,4877
945,5038
946,5028
947,4853
948,4973
949,5017
950,4956
951,4957
952,5006
953,4861
954,4857
955,5005
956,4956
957,5034
958,4987
959,4917
960,4827
961,4902
962,4934
963,4937
964,5031
965,4842
966,4909
967,4866
968,4861
969,4857
970,4774
971,4949
972,4914
973,4924
974,5022
975,4971
976,4956
977,4913
978,4870
979,4863
980,4869
981,4991
982,5028
983,4854
984,4958
985,4906
986,5009
987,4923
988,4917
989,4914
990,5013
991,4938
992,4981
993,5059
994,5035
995,5064
996,4946
997,5022
998,4936
999,4843
1000,5456
1001,531
1002,576
1003,630
1004,581
1005,591
1006,569
1007,547
1008,589
1009,565
1010,584
1011,601
1012,590
1013,516
1014,604
1015,588
1016,538
1017,560
1018,575
1019,555
1020,588
1021,562
1022,529
1023,531
1024,526
1025,549
1026,551
1027,537
1028,620
1029,557
1030,553
1031,584
1032,519
1033,562
1034,557
1035,536
1036,579
1037,523
1038,553
1039,596
1040,585
1041,581
1042,539
1043,548
1044,567
1045,607
1046,576
1047,563
1048,607
1049,553
1050,550
1051,580
1052,535
1053,568
1054,585
1055,538
1056,537
1057,535
1058,550
1059,577
1060,566
1061,546
1062,606
1063,539
1064,556
1065,569
1066,573
1067,562
1068,571
1069,545
1070,528
1071,543
1072,555
1073,546
1074,532
1075,585
1076,597
1077,568
1078,569
1079,564
1080,530
1081,556
1082,558
1083,547
1084,571
1085,531
1086,576
1087,572
1088,602
1089,548
1090,570
1091,539
1092,526
1093,583
1094,533
1095,555
1096,564
1097,560
1098,509
1099,590
1100,544
1101,594
1102,570
1103,574
1104,558
1105,599
1106,530
1107,526
1108,563
1109,588
1110,561
1111,573
1112,537
1113,580
1114,555
1115,570
1116,551
1117,568
1118,538
1119,579
1120,566
1121,570
1122,535
1123,579
1124,547
1125,567
1126,580
1127,558
1128,557
1129,550
1130,573
1131,610
1132,575
1133,616
1134,551
1135,585
1136,514
1137,541
1138,559
1139,585
1140,591
1141,608
1142,598
1143,547
1144,553
1145,559
1146,570
1147,564
1148,540
1149,582
1150,622
1151,549
1152,559
1153,550
1154,568
1155,529
1156,518
1157,549
1158,590
1159,581
1160,603
1161,555
1162,552
1163,566
1164,555
1165,569
1166,567
1167,535
1168,578
1169,543
1170,556
1171,527
1172,576
1173,538
1174,535
1175,570
1176,562
1177,528
1178,549
1179,595
1180,544
1181,588
1182,546
1183,562
1184,555
1185,574
1186,558
1187,543
1188,552
1189,545
1190,583
1191,566
1192,545
1193,543
1194,621
1195,558
1196,588
1197,553
1198,555
1199,543
1200,586
1201,515
1202,560
1203,581
1204,539
1205,611
1206,590
1207,528
1208,552
1209,548
1210,555
1211,526
1212,559
1213,538
1214,570
1215,542
1216,563
1217,545
1218,524
1219,555
1220,565
1221,534
1222,553
1223,553
1224,537
1225,562
1226,569
1227,560
1228,538
1229,557
1230,586
1231,560
1232,553
1233,574
1234,559
1235,605
1236,577
1237,574
1238,560
1239,557
1240,542
1241,567
1242,543
1243,544
1244,582
1245,548
1246,558
1247,588
1248,582
1249,569
1250,558
1251,596
1252,566
1253,574
1254,573
1255,552
1256,525
1257,563
1258,545
1259,567
1260,532
1261,529
1262,531
1263,603
1264,517
1265,594
1266,589
1267,603
1268,566
1269,557
1270,520
1271,528
1272,523
1273,536
1274,583
1275,549
1276,558
1277,533
1278,547
1279,553
1280,576
1281,562
1282,556
1283,551
1284,532
1285,549
1286,563
1287,539
1288,616
1289,543
1290,579
1291,573
1292,557
1293,548
1294,598
1295,547
1296,548
1297,568
1298,523
1299,557
1300,536
1301,555
1302,557
1303,571
1304,613
1305,632
1306,592
1307,544
1308,556
1309,566
1310,568
1311,573
1312,507
1313,538
1314,567
1315,586
1316,515
1317,597
1318,584
1319,550
1320,559
1321,551
1322,593
1323,540
1324,574
1325,567
1326,559
1327,530
1328,553
1329,588
1330,555
1331,583
1332,537
1333,589
1334,523
1335,546
1336,597
1337,560
1338,531
1339,561
1340,549
1341,551
1342,582
1343,546
1344,528
1345,532
1346,561
1347,565
1348,553
1349,556
1350,572
1351,567
1352,535
1353,560
1354,573
1355,544
1356,564
1357,605
1358,522
1359,573
1360,578
1361,535
1362,569
1363,580
1364,520
1365,560
1366,568
1367,570
1368,555
1369,547
1370,514
1371,593
1372,587
1373,539
1374,554
1375,563
1376,553
1377,573
1378,537
1379,540
1380,585
1381,575
1382,564
1383,584
1384,548
1385,554
1386,538
1387,539
1388,575
1389,592
1390,538
1391,514
1392,561
1393,616
1394,570
1395,538
1396,577
1397,578
1398,591
1399,610
1400,560
1401,580
1402,597
1403,553
1404,571
1405,522
1406,567
1407,575
1408,558
1409,552
1410,546
1411,606
1412,566
1413,526
1414,563
1415,558
1416,527
1417,570
1418,543
1419,543
1420,554
1421,581
1422,622
1423,573
1424,539
1425,541
1426,533
1427,590
1428,587
1429,562
1430,537
1431,610
1432,586
1433,551
1434,597
1435,573
1436,584
1437,558
1438,604
1439,555
1440,555
1441,539
1442,518
1443,558
1444,588
1445,533
1446,512
1447,558
1448,507
1449,589
1450,551
1451,565
1452,542
1453,592
1454,577
1455,544
1456,600
1457,549
1458,563
1459,557
1460,579
1461,601
1462,547
1463,579
1464,549
1465,566
1466,565
1467,555
1468,559
1469,539
1470,566
1471,543
1472,587
1473,538
1474,568
1475,548
1476,547
1477,588
1478,551
1479,530
1480,580
1481,579
1482,560
1483,543
1484,582
1485,569
1486,556
1487,544
1488,555
1489,622
1490,583
1491,536
1492,559
1493,554
1494,558
1495,562
1496,560
1497,580
1498,524
1499,621
1500,573
1501,553
1502,559
1503,582
1504,556
1505,551
1506,533
1507,534
1508,547
1509,555
1510,594
1511,557
1512,563
1513,541
1514,525
1515,523
1516,572
1517,562
1518,547
1519,532
1520,564
1521,550
1522,541
1523,547
1524,566
1525,551
1526,566
1527,548
1528,570
1529,509
1530,575
1531,595
1532,585
1533,554
1534,589
1535,554
1536,539
1537,568
1538,529
1539,565
1540,561
1541,563
1542,546
1543,576
1544,580
1545,551
1546,563
1547,555
1548,535
1549,527
1550,568
1551,512
1552,536
1553,588
1554,535
1555,514
1556,557
1557,558
1558,548
1559,567
1560,580
1561,555
1562,538
1563,542
1564,543
1565,579
1566,608
1567,554
1568,583
1569,583
1570,549
1571,573
1572,523
1573,573
1574,535
1575,577
1576,589
1577,556
1578,564
1579,555
1580,543
1581,510
1582,563
1583,521
1584,601
1585,580
1586,540
1587,554
1588,593
1589,569
1590,534
1591,578
1592,590
1593,561
1594,560
1595,620
1596,569
1597,554
1598,580
1599,547
1600,526
1601,554
1602,548
1603,566
1604,559
1605,576
1606,575
1607,565
1608,592
1609,589
1610,620
1611,569
1612,588
1613,586
1614,555
1615,560
1616,572
1617,529
1618,537
1619,555
1620,548
1621,529
1622,586
1623,543
1624,583
1625,557
1626,553
1627,577
1628,593
1629,501
1630,548
1631,587
1632,557
1633,555
1634,545
1635,532
1636,539
1637,548
1638,551
1639,577
1640,561
1641,519
1642,526
1643,579
1644,551
1645,572
1646,588
1647,528
1648,526
1649,534
1650,564
1651,552
1652,611
1653,603
1654,552
1655,523
1656,599
1657,580
1658,543
1659,560
1660,523
1661,588
1662,570
1663,561
1664,574
1665,594
1666,572
1667,563
1668,563
1669,522
1670,543
1671,545
1672,559
1673,537
1674,544
1675,580
1676,595
1677,571
1678,624
1679,561
1680,551
1681,545
1682,578
1683,587
1684,560
1685,540
1686,561
1687,554
1688,539
1689,578
1690,573
1691,510
1692,522
1693,562
1694,564
1695,527
1696,561
1697,597
1698,516
1699,569
1700,603
1701,571
1702,575
1703,563
1704,557
1705,548
1706,577
1707,524
1708,566
1709,569
1710,558
1711,564
1712,565
1713,530
1714,517
1715,559
1716,544
1717,565
1718,557
1719,593
1720,573
1721,564
1722,562
1723,531
1724,541
1725,600
1726,572
1727,569
1728,597
1729,573
1730,543
1731,563
1732,586
1733,578
1734,593
1735,574
1736,556
1737,566
1738,533
1739,583
1740,582
1741,570
1742,523
1743,546
1744,565
1745,587
1746,564
1747,576
1748,559
1749,550
1750,568
1751,583
1752,529
1753,495
1754,543
1755,551
1756,558
1757,563
1758,583
1759,564
1760,547
1761,537
1762,576
1763,569
1764,572
1765,575
1766,527
1767,575
1768,563
1769,559
1770,588
1771,556
1772,569
1773,601
1774,582
1775,550
1776,580
1777,562
1778,545
1779,550
1780,581
1781,531
1782,521
1783,558
1784,576
1785,570
1786,609
1787,589
1788,575
1789,564
1790,551
1791,567
1792,541
1793,552
1794,553
1795,558
1796,583
1797,557
1798,577
1799,550
1800,606
1801,578
1802,517
1803,576
1804,517
1805,551
1806,580
1807,514
1808,546
1809,585
1810,578
1811,554
1812,570
1813,530
1814,536
1815,572
1816,537
1817,553
1818,580
1819,520
1820,532
1821,552
1822,575
1823,573
1824,594
1825,584
1826,588
1827,569
1828,535
1829,600
1830,547
1831,559
1832,522
1833,562
1834,592
1835,538
1836,571
1837,556
1838,539
1839,581
1840,535
1841,598
1842,510
1843,553
1844,594
1845,563
1846,565
1847,504
1848,589
1849,562
1850,507
1851,538
1852,592
1853,568
1854,571
1855,547
1856,564
1857,587
1858,565
1859,567
1860,546
1861,584
1862,528
1863,524
1864,557
1865,552
1866,596
1867,529
1868,565
1869,559
1870,499
1871,544
1872,569
1873,536
1874,602
1875,579
1876,553
1877,606
1878,547
1879,559
1880,558
1881,555
1882,559
1883,560
1884,542
1885,523
1886,570
1887,553
1888,578
1889,614
1890,546
1891,552
1892,555
1893,561
1894,539
1895,557
1896,556
1897,555
1898,522
1899,579
1900,600
1901,598
1902,584
1903,564
1904,539
1905,551
1906,557
1907,574
1908,563
1909,556
1910,589
1911,556
1912,525
1913,538
1914,540
1915,513
1916,602
1917,556
1918,564
1919,593
1920,578
1921,602
1922,550
1923,548
1924,587
1925,543
1926,538
1927,564
1928,574
1929,575
1930,569
1931,547
1932,585
1933,559
1934,527
1935,546
1936,592
1937,597
1938,543
1939,594
1940,573
1941,545
1942,557
1943,570
1944,600
1945,563
1946,528
1947,573
1948,538
1949,569
1950,541
1951,547
1952,537
1953,551
1954,586
1955,549
1956,554
1957,588
1958,574
1959,598
1960,539
1961,558
1962,538
1963,551
1964,582
1965,564
1966,553
1967,527
1968,575
1969,538
1970,545
1971,560
1972,566
1973,586
1974,527
1975,529
1976,564
1977,555
1978,578
1979,598
1980,578
1981,545
1982,552
1983,582
1984,591
1985,566
1986,562
1987,562
1988,526
1989,556
1990,586
1991,567
1992,585
1993,542
1994,570
1995,573
1996,515
1997,573
1998,564
1999,575
2000,577
2001,581
2002,593
2003,538
2004,553
2005,583
2006,586
2007,554
2008,598
2009,554
2010,567
2011,516
2012,619
2013,566
2014,481
2015,565
2016,528
2017,522
2018,537
2019,588
2020,518
2021,560
2022,573
2023,547
2024,572
2025,560
2026,589
2027,568
2028,574
2029,553
2030,606
2031,543
2032,587
2033,552
2034,564
2035,568
2036,557
2037,558
2038,566
2039,573
2040,565
2041,574
2042,563
2043,564
2044,540
2045,586
2046,570
2047,562
2048,551
2049,563
2050,521
2051,564
2052,594
2053,556
2054,562
2055,568
2056,555
2057,526
2058,591
2059,543
2060,590
2061,587
2062,555
2063,571
2064,578
2065,531
2066,590
2067,549
2068,549
2069,502
2070,539
2071,549
2072,571
2073,587
2074,566
2075,556
2076,599
2077,552
2078,603
2079,543
2080,551
2081,589
2082,570
2083,548
2084,607
2085,567
2086,588
2087,560
2088,535
2089,603
2090,558
2091,591
2092,565
2093,570
2094,532
2095,564
2096,595
2097,564
2098,585
2099,558
2100,564
2101,566
2102,560
2103,556
2104,603
2105,543
2106,591
2107,576
2108,550
2109,598
2110,579
2111,597
2112,526
2113,549
2114,496
2115,583
2116,559
2117,562
2118,581
2119,544
2120,572
2121,541
2122,600
2123,570
2124,552
2125,545
2126,554
2127,539
2128,578
2129,573
2130,634
2131,532
2132,599
2133,530
2134,587
2135,537
2136,586
2137,553
2138,611
2139,569
2140,592
2141,554
2142,548
2143,571
2144,556
2145,550
2146,566
2147,562
2148,540
2149,537
2150,560
2151,578
2152,575
2153,586
2154,582
2155,566
2156,569
2157,569
2158,536
2159,557
2160,551
2161,550
2162,603
2163,549
2164,555
2165,555
2166,511
2167,568
2168,550
2169,602
2170,541
2171,574
2172,601
2173,563
2174,522
2175,551
2176,545
2177,568
2178,548
2179,592
2180,598
2181,544
2182,556
2183,593
2184,563
2185,545
2186,598
2187,585
2188,574
2189,559
2190,535
2191,584
2192,532
2193,507
2194,535
2195,563
2196,557
2197,548
2198,546
2199,564
2200,572
2201,563
2202,558
2203,525
2204,580
2205,583
2206,584
2207,588
2208,571
2209,547
2210,579
2211,587
2212,596
2213,537
2214,577
2215,551
2216,549
2217,551
2218,571
2219,564
2220,565
2221,569
2222,556
2223,594
2224,564
2225,540
2226,555
2227,567
2228,590
2229,503
2230,570
2231,531
2232,546
2233,613
2234,585
2235,572
2236,546
2237,520
2238,558
2239,566
2240,582
2241,537
2242,587
2243,567
2244,616
2245,508
2246,601
2247,554
2248,576
2249,570
2250,559
2251,576
2252,551
2253,585
2254,568
2255,530
2256,616
2257,606
2258,605
2259,605
2260,578
2261,541
2262,535
2263,583
2264,567
2265,561
2266,554
2267,566
2268,531
2269,538
2270,564
2271,566
2272,579
2273,569
2274,578
2275,557
2276,546
2277,568
2278,541
2279,591
2280,597
2281,520
2282,551
2283,552
2284,559
2285,542
2286,555
2287,554
2288,587
2289,573
2290,563
2291,524
2292,593
2293,576
2294,621
2295,561
2296,546
2297,583
2298,546
2299,573
2300,589
2301,529
2302,598
2303,598
2304,600
2305,536
2306,559
2307,559
2308,535
2309,538
2310,607
2311,556
2312,561
2313,572
2314,574
2315,553
2316,538
2317,558
2318,587
2319,511
2320,566
2321,577
2322,574
2323,587
2324,597
2325,554
2326,561
2327,579
2328,538
2329,528
2330,579
2331,516
2332,564
2333,573
2334,560
2335,598
2336,562
2337,562
2338,548
2339,564
2340,540
2341,561
2342,538
2343,572
2344,561
2345,534
2346,545
2347,589
2348,576
2349,552
2350,576
2351,585
2352,534
2353,589
2354,568
2355,569
2356,549
2357,584
2358,599
2359,531
2360,568
2361,568
2362,557
2363,592
2364,553
2365,588
2366,545
2367,611
2368,581
2369,597
2370,528
2371,550
2372,576
2373,575
2374,531
2375,536
2376,579
2377,543
2378,542
2379,575
2380,528
2381,562
2382,575
2383,541
2384,544
2385,582
2386,537
2387,609
2388,525
2389,567
2390,572
2391,561
2392,608
2393,579
2394,569
2395,582
2396,546
2397,542
2398,567
2399,549
2400,549
2401,556
2402,583
2403,546
2404,575
2405,535
2406,574
2407,531
2408,581
2409,513
2410,533
2411,577
2412,556
2413,519
2414,596
2415,527
2416,590
2417,587
2418,549
2419,577
2420,609
2421,587
2422,555
2423,541
2424,518
2425,548
2426,564
2427,598
2428,581
2429,569
2430,553
2431,531
2432,557
2433,563
2434,531
2435,583
2436,557
2437,570
2438,564
2439,589
2440,560
2441,555
2442,522
2443,545
2444,598
2445,529
2446,580
2447,547
2448,564
2449,599
2450,538
2451,560
2452,560
2453,561
2454,593
2455,540
2456,571
2457,561
2458,584
2459,575
2460,538
2461,588
2462,580
2463,537
2464,547
2465,551
2466,536
2467,532
2468,533
2469,512
2470,595
2471,560
2472,529
2473,562
2474,555
2475,579
2476,574
2477,541
2478,553
2479,523
2480,551
2481,559
2482,550
2483,539
2484,578
2485,574
2486,544
2487,557
2488,557
2489,565
2490,512
2491,580
2492,522
2493,571
2494,611
2495,552
2496,567
2497,547
2498,581
2499,550
2500,586
2501,554
2502,552
2503,553
2504,595
2505,559
2506,534
2507,572
2508,565
2509,584
2510,598
2511,564
2512,572
2513,522
2514,584
2515,561
2516,563
2517,561
2518,579
2519,571
2520,561
2521,570
2522,583
2523,543
2524,558
2525,575
2526,559
2527,554
2528,539
2529,599
2530,540
2531,570
2532,506
2533,564
2534,555
2535,553
2536,552
2537,617
2538,565
2539,485
2540,534
2541,573
2542,549
2543,522
2544,547
2545,555
2546,554
2547,572
2548,556
2549,535
2550,546
2551,569
2552,515
2553,559
2554,597
2555,511
2556,549
2557,557
2558,562
2559,549
2560,559
2561,566
2562,542
2563,577
2564,550
2565,583
2566,535
2567,573
2568,582
2569,549
2570,550
2571,559
2572,579
2573,576
2574,577
2575,566
2576,531
2577,567
2578,575
2579,563
2580,501
2581,562
2582,580
2583,565
2584,543
2585,516
2586,601
2587,522
2588,557
2589,550
2590,612
2591,579
2592,630
2593,531
2594,534
2595,544
2596,563
2597,538
2598,567
2599,595
2600,589
2601,583
2602,572
2603,604
2604,546
2605,590
2606,540
2607,528
2608,572
2609,559
2610,578
2611,529
2612,500
2613,551
2614,549
2615,569
2616,573
2617,588
2618,566
2619,538
2620,577
2621,528
2622,551
2623,585
2624,546
2625,592
2626,548
2627,566
2628,586
2629,554
2630,578
2631,526
2632,565
2633,581
2634,542
2635,564
2636,531
2637,572
2638,546
2639,578
2640,550
2641,592
2642,557
2643,568
2644,532
2645,524
2646,557
2647,585
2648,571
2649,585
2650,591
2651,561
2652,561
2653,553
2654,511
2655,580
2656,589
2657,565
2658,582
2659,570
2660,546
2661,556
2662,586
2663,558
2664,574
2665,537
2666,588
2667,562
2668,547
2669,557
2670,576
2671,502
2672,593
2673,593
2674,557
2675,550
2676,555
2677,571
2678,557
2679,557
2680,568
2681,585
2682,537
2683,511
2684,560
2685,599
2686,590
2687,578
2688,568
2689,543
2690,593
2691,545
2692,521
2693,538
2694,590
2695,569
2696,563
2697,556
2698,526
2699,529
2700,557
2701,538
2702,573
2703,539
2704,522
2705,544
2706,619
2707,536
2708,575
2709,559
2710,565
2711,542
2712,527
2713,559
2714,559
2715,550
2716,551
2717,570
2718,571
2719,569
2720,562
2721,564
2722,539
2723,594
2724,527
2725,582
2726,547
2727,517
2728,550
2729,627
2730,567
2731,544
2732,577
2733,595
2734,535
2735,546
2736,566
2737,612
2738,562
2739,540
2740,572
2741,571
2742,583
2743,575
2744,574
2745,540
2746,571
2747,541
2748,598
2749,555
2750,593
2751,574
2752,525
2753,589
2754,598
2755,552
2756,547
2757,508
2758,567
2759,580
2760,579
2761,569
2762,552
2763,569
2764,555
2765,566
2766,571
2767,584
2768,575
2769,552
2770,526
2771,593
2772,559
2773,588
2774,553
2775,570
2776,561
2777,524
2778,515
2779,562
2780,581
2781,537
2782,571
2783,568
2784,578
2785,477
2786,585
2787,556
2788,570
2789,586
2790,546
2791,590
2792,573
2793,538
2794,564
2795,560
2796,612
2797,603
2798,590
2799,574
2800,606
2801,565
2802,575
2803,564
2804,525
2805,592
2806,549
2807,566
2808,590
2809,567
2810,557
2811,565
2812,565
2813,609
2814,560
2815,570
2816,556
2817,552
2818,569
2819,556
2820,548
2821,536
2822,576
2823,589
2824,574
2825,631
2826,557
2827,530
2828,514
2829,578
2830,537
2831,551
2832,562
2833,554
2834,572
2835,576
2836,523
2837,578
2838,595
2839,558
2840,568
2841,568
2842,515
2843,552
2844,532
2845,581
2846,541
2847,571
2848,555
2849,606
2850,570
2851,569
2852,595
2853,541
2854,542
2855,561
2856,522
2857,532
2858,537
2859,564
2860,566
2861,597
2862,615
2863,587
2864,534
2865,560
2866,545
2867,581
2868,566
2869,564
2870,564
2871,574
2872,556
2873,572
2874,575
2875,532
2876,585
2877,556
2878,587
2879,516
2880,549
2881,589
2882,597
2883,537
2884,552
2885,567
2886,521
2887,583
2888,543
2889,570
2890,616
2891,536
2892,555
2893,543
2894,596
2895,540
2896,575
2897,551
2898,558
2899,571
2900,573
2901,557
2902,564
2903,554
2904,576
2905,562
2906,551
2907,520
2908,546
2909,536
2910,555
2911,538
2912,566
2913,573
2914,556
2915,511
2916,531
2917,583
2918,559
2919,547
2920,546
2921,593
2922,577
2923,591
2924,598
2925,558
2926,575
2927,560
2928,565
2929,558
2930,587
2931,506
2932,559
2933,538
2934,530
2935,526
2936,541
2937,579
2938,582
2939,516
2940,560
2941,527
2942,551
2943,558
2944,566
2945,574
2946,585
2947,533
2948,558
2949,586
2950,525
2951,567
2952,567
2953,607
2954,581
2955,606
2956,571
2957,555
2958,530
2959,544
2960,532
2961,576
2962,547
2963,554
2964,564
2965,587
2966,519
2967,543
2968,596
2969,536
2970,543
2971,544
2972,538
2973,582
2974,545
2975,553
2976,583
2977,574
2978,548
2979,574
2980,615
2981,584
2982,575
2983,538
2984,551
2985,566
2986,532
2987,592
2988,618
2989,516
2990,552
2991,544
2992,531
2993,585
2994,558
2995,551
2996,541
2997,574
2998,546
2999,570
3000,562
3001,560
3002,526
3003,557
3004,547
3005,558
3006,575
3007,555
3008,558
3009,512
3010,549
3011,560
3012,571
3013,562
3014,539
3015,547
3016,559
3017,577
3018,570
3019,545
3020,553
3021,560
3022,609
3023,559
3024,587
3025,582
3026,556
3027,586
3028,581
3029,602
3030,551
3031,581
3032,585
3033,511
3034,536
3035,541
3036,564
3037,569
3038,580
3039,568
3040,577
3041,545
3042,535
3043,584
3044,550
3045,559
3046,549
3047,520
3048,560
3049,588
3050,510
3051,575
3052,598
3053,565
3054,574
3055,571
3056,558
3057,561
3058,541
3059,580
3060,535
3061,523
3062,540
3063,524
3064,547
3065,562
3066,577
3067,569
3068,565
3069,540
3070,581
3071,549
3072,538
3073,533
3074,581
3075,607
3076,593
3077,583
3078,604
3079,536
3080,588
3081,566
3082,551
3083,590
3084,542
3085,565
3086,557
3087,583
3088,544
3089,574
3090,552
3091,567
3092,589
3093,588
3094,598
3095,587
3096,580
3097,580
3098,567
3099,550
3100,550
3101,542
3102,590
3103,622
3104,586
3105,554
3106,554
3107,537
3108,554
3109,553
3110,564
3111,588
3112,548
3113,541
3114,564
3115,550
3116,572
3117,555
3118,601
3119,587
3120,604
3121,550
3122,578
3123,563
3124,562
3125,564
3126,555
3127,574
3128,557
3129,555
3130,559
3131,571
3132,584
3133,520
3134,522
3135,539
3136,558
3137,515
3138,567
3139,547
3140,581
3141,567
3142,616
3143,543
3144,572
3145,565
3146,574
3147,553
3148,560
3149,582
3150,558
3151,555
3152,563
3153,564
3154,562
3155,582
3156,583
3157,567
3158,553
3159,539
3160,565
3161,551
3162,582
3163,598
3164,528
3165,589
3166,573
3167,543
3168,548
3169,559
3170,568
3171,572
3172,602
3173,627
3174,577
3175,538
3176,569
3177,561
3178,589
3179,562
3180,550
3181,574
3182,595
3183,577
3184,544
3185,571
3186,574
3187,565
3188,558
3189,539
3190,566
3191,546
3192,562
3193,527
3194,575
3195,544
3196,554
3197,575
3198,539
3199,558
3200,518
3201,547
3202,568
3203,537
3204,555
3205,575
3206,581
3207,587
3208,554
3209,501
3210,574
3211,550
3212,520
3213,555
3214,559
3215,569
3216,565
3217,614
3218,516
3219,549
3220,545
3221,546
3222,535
3223,575
3224,537
3225,552
3226,541
3227,541
3228,570
3229,611
3230,579
3231,557
3232,576
3233,553
3234,562
3235,584
3236,531
3237,581
3238,543
3239,556
3240,521
3241,551
3242,595
3243,552
3244,585
3245,547
3246,548
3247,553
3248,567
3249,580
3250,542
3251,564
3252,548
3253,558
3254,567
3255,582
3256,610
3257,500
3258,586
3259,550
3260,553
3261,538
3262,557
3263,560
3264,564
3265,567
3266,567
3267,582
3268,522
3269,549
3270,559
3271,547
3272,597
3273,575
3274,571
3275,563
3276,569
3277,548
3278,563
3279,579
3280,544
3281,617
3282,574
3283,528
3284,567
3285,557
3286,536
3287,566
3288,579
3289,550
3290,584
3291,546
3292,562
3293,595
3294,536
3295,586
3296,529
3297,566
3298,561
3299,579
3300,568
3301,569
3302,566
3303,550
3304,549
3305,579
3306,535
3307,588
3308,565
3309,553
3310,604
3311,544
3312,587
3313,546
3314,550
3315,607
3316,561
3317,557
3318,531
3319,568
3320,564
3321,542
3322,549
3323,537
3324,540
3325,600
3326,586
3327,596
3328,559
3329,550
3330,562
3331,581
3332,614
3333,536
3334,545
3335,522
3336,600
3337,588
3338,558
3339,570
3340,554
3341,581
3342,541
3343,585
3344,549
3345,593
3346,577
3347,557
3348,548
3349,576
3350,588
3351,580
3352,597
3353,569
3354,574
3355,555
3356,537
3357,580
3358,520
3359,533
3360,616
3361,553
3362,551
3363,534
3364,592
3365,505
3366,525
3367,599
3368,579
3369,553
3370,542
3371,597
3372,585
3373,547
3374,571
3375,564
3376,544
3377,587
3378,559
3379,576
3380,560
3381,534
3382,582
3383,532
3384,595
3385,565
3386,595
3387,513
3388,558
3389,533
3390,582
3391,567
3392,569
3393,520
3394,551
3395,583
3396,575
3397,574
3398,545
3399,581
3400,579
3401,576
3402,565
3403,560
3404,582
3405,513
3406,566
3407,522
3408,554
3409,553
3410,630
3411,530
3412,565
3413,568
3414,604
3415,597
3416,590
3417,556
3418,573
3419,552
3420,564
3421,542
3422,578
3423,520
3424,546
3425,608
3426,587
3427,548
3428,561
3429,552
3430,582
3431,576
3432,545
3433,575
3434,552
3435,593
3436,537
3437,552
3438,551
3439,586
3440,548
3441,593
3442,521
3443,548
3444,574
3445,585
3446,547
3447,536
3448,557
3449,602
3450,565
3451,502
3452,550
3453,597
3454,570
3455,588
3456,562
3457,590
3458,531
3459,544
3460,560
3461,548
3462,551
3463,514
3464,555
3465,577
3466,585
3467,554
3468,580
3469,569
3470,571
3471,572
3472,507
3473,550
3474,517
3475,523
3476,560
3477,568
3478,564
3479,549
3480,568
3481,555
3482,578
3483,585
3484,583
3485,582
3486,526
3487,562
3488,603
3489,570
3490,536
3491,575
3492,525
3493,533
3494,552
3495,585
3496,535
3497,571
3498,549
3499,570
3500,555
3501,527
3502,530
3503,560
3504,580
3505,552
3506,555
3507,548
3508,535
3509,599
3510,542
3511,535
3512,566
3513,549
3514,572
3515,538
3516,558
3517,536
3518,551
3519,516
3520,532
3521,535
3522,575
3523,577
3524,514
3525,599
3526,539
3527,572
3528,585
3529,528
3530,573
3531,547
3532,559
3533,575
3534,573
3535,588
3536,549
3537,602
3538,589
3539,575
3540,530
3541,580
3542,578
3543,557
3544,563
3545,521
3546,574
3547,581
3548,510
3549,531
3550,575
3551,535
3552,540
3553,559
3554,550
3555,522
3556,538
3557,558
3558,588
3559,553
3560,550
3561,602
3562,540
3563,541
3564,554
3565,561
3566,547
3567,574
3568,564
3569,546
3570,566
3571,544
3572,594
3573,551
3574,574
3575,502
3576,588
3577,575
3578,578
3579,522
3580,558
3581,576
3582,561
3583,575
3584,568
3585,539
3586,538
3587,553
3588,552
3589,574
3590,546
3591,587
3592,566
3593,534
3594,537
3595,581
3596,561
3597,527
3598,529
3599,574
3600,542
3601,552
3602,565
3603,550
3604,546
3605,552
3606,622
3607,587
3608,563
3609,589
3610,571
3611,570
3612,570
3613,561
3614,554
3615,529
3616,583
3617,559
3618,560
3619,533
3620,555
3621,565
3622,534
3623,486
3624,520
3625,575
3626,588
3627,575
3628,578
3629,542
3630,549
3631,551
3632,528
3633,570
3634,551
3635,568
3636,561
3637,571
3638,532
3639,543
3640,576
3641,557
3642,518
3643,583
3644,529
3645,602
3646,506
3647,542
3648,547
3649,575
3650,575
3651,581
3652,536
3653,525
3654,551
3655,577
3656,575
3657,532
3658,612
3659,568
3660,573
3661,583
3662,528
3663,566
3664,535
3665,516
3666,568
3667,528
3668,522
3669,512
3670,590
3671,537
3672,590
3673,548
3674,561
3675,574
3676,542
3677,577
3678,562
3679,599
3680,534
3681,605
3682,561
3683,550
3684,558
3685,556
3686,560
3687,560
3688,576
3689,569
3690,579
3691,558
3692,530
3693,578
3694,515
3695,616
3696,543
3697,545
3698,562
3699,578
3700,552
3701,581
3702,540
3703,566
3704,569
3705,529
3706,591
3707,598
3708,585
3709,557
3710,574
3711,534
3712,534
3713,574
3714,553
3715,514
3716,582
3717,555
3718,525
3719,592
3720,545
3721,545
3722,587
3723,523
3724,575
3725,535
3726,536
3727,521
3728,589
3729,535
3730,573
3731,566
3732,582
3733,566
3734,531
3735,542
3736,553
3737,549
3738,566
3739,583
3740,605
3741,545
3742,549
3743,610
3744,572
3745,565
3746,561
3747,555
3748,521
3749,574
3750,540
3751,582
3752,545
3753,575
3754,567
3755,593
3756,565
3757,631
3758,542
3759,515
3760,568
3761,529
3762,621
3763,560
3764,590
3765,561
3766,549
3767,588
3768,596
3769,575
3770,551
3771,575
3772,579
3773,572
3774,608
3775,559
3776,538
3777,553
3778,534
3779,581
3780,578
3781,566
3782,580
3783,514
3784,583
3785,573
3786,547
3787,553
3788,546
3789,611
3790,503
3791,567
3792,579
3793,589
3794,548
3795,567
3796,564
3797,560
3798,539
3799,512
3800,559
3801,567
3802,576
3803,542
3804,512
3805,573
3806,566
3807,572
3808,585
3809,563
3810,534
3811,560
3812,557
3813,577
3814,552
3815,575
3816,542
3817,514
3818,563
3819,559
3820,595
3821,544
3822,579
3823,594
3824,575
3825,533
3826,603
3827,577
3828,529
3829,524
3830,598
3831,540
3832,552
3833,578
3834,544
3835,553
3836,576
3837,571
3838,545
3839,534
3840,575
3841,579
3842,547
3843,570
3844,561
3845,562
3846,532
3847,534
3848,517
3849,550
3850,633
3851,593
3852,585
3853,582
3854,543
3855,553
3856,577
3857,566
3858,588
3859,574
3860,552
3861,515
3862,569
3863,570
3864,518
3865,543
3866,523
3867,580
3868,564
3869,557
3870,560
3871,571
3872,584
3873,534
3874,583
3875,560
3876,578
3877,506
3878,576
3879,603
3880,555
3881,579
3882,563
3883,575
3884,540
3885,554
3886,553
3887,559
3888,578
3889,576
3890,573
3891,595
3892,580
3893,586
3894,532
3895,598
3896,539
3897,578
3898,544
3899,574
3900,563
3901,531
3902,577
3903,585
3904,569
3905,561
3906,514
3907,553
3908,565
3909,581
3910,566
3911,581
3912,599
3913,543
3914,566
3915,610
3916,532
3917,558
3918,579
3919,572
3920,575
3921,521
3922,580
3923,586
3924,554
3925,580
3926,557
3927,538
3928,546
3929,518
3930,610
3931,607
3932,574
3933,524
3934,573
3935,544
3936,542
3937,583
3938,570
3939,542
3940,570
3941,532
3942,564
3943,598
3944,584
3945,552
3946,564
3947,551
3948,534
3949,564
3950,551
3951,546
3952,605
3953,572
3954,566
3955,578
3956,537
3957,579
3958,561
3959,592
3960,586
3961,517
3962,551
3963,510
3964,550
3965,582
3966,547
3967,556
3968,594
3969,559
3970,584
3971,535
3972,540
3973,567
3974,589
3975,549
3976,549
3977,527
3978,545
3979,570
3980,574
3981,588
3982,598
3983,537
3984,587
3985,539
3986,538
3987,546
3988,559
3989,545
3990,510
3991,524
3992,542
3993,538
3994,595
3995,566
3996,548
3997,551
3998,573
3999,548
4000,558
4001,600
4002,567
4003,568
4004,566
4005,576
4006,572
4007,594
4008,562
4009,594
4010,602
4011,533
4012,510
4013,531
4014,559
4015,597
4016,562
4017,596
4018,537
4019,568
4020,518
4021,583
4022,566
4023,593
4024,539
4025,542
4026,576
4027,598
4028,578
4029,596
4030,548
4031,547
4032,563
4033,546
4034,593
4035,591
4036,522
4037,575
4038,517
4039,537
4040,575
4041,569
4042,566
4043,547
4044,566
4045,560
4046,573
4047,600
4048,553
4049,521
4050,544
4051,556
4052,568
4053,533
4054,581
4055,550
4056,546
4057,505
4058,555
4059,578
4060,590
4061,533
4062,602
4063,535
4064,578
4065,559
4066,573
4067,570
4068,546
4069,560
4070,548
4071,556
4072,575
4073,561
4074,562
4075,561
4076,555
4077,586
4078,543
4079,548
4080,545
4081,529
4082,567
4083,576
4084,556
4085,557
4086,557
4087,568
4088,563
4089,581
4090,580
4091,577
4092,584
4093,581
4094,557
4095,533
4096,526
4097,532
4098,576
4099,570
4100,501
4101,558
4102,549
4103,562
4104,571
4105,540
4106,547
4107,591
4108,543
4109,590
4110,539
4111,491
4112,596
4113,546
4114,588
4115,575
4116,551
4117,499
4118,533
4119,561
4120,583
4121,500
4122,569
4123,601
4124,545
4125,566
4126,535
4127,590
4128,558
4129,557
4130,595
4131,592
4132,543
4133,567
4134,599
4135,593
4136,568
4137,557
4138,564
4139,545
4140,592
4141,518
4142,550
4143,559
4144,593
4145,523
4146,562
4147,588
4148,600
4149,598
4150,551
4151,592
4152,550
4153,544
4154,520
4155,600
4156,543
4157,582
4158,562
4159,542
4160,541
4161,654
4162,592
4163,510
4164,555
4165,561
4166,591
4167,586
4168,544
4169,531
4170,552
4171,569
4172,573
4173,568
4174,574
4175,558
4176,598
4177,563
4178,541
4179,528
4180,563
4181,579
4182,542
4183,594
4184,590
4185,585
4186,567
4187,579
4188,613
4189,528
4190,561
4191,549
4192,576
4193,588
4194,584
4195,599
4196,560
4197,549
4198,519
4199,584
4200,583
4201,618
4202,541
4203,580
4204,563
4205,521
4206,576
4207,531
4208,524
4209,552
4210,551
4211,544
4212,564
4213,597
4214,568
4215,622
4216,570
4217,566
4218,559
4219,527
4220,583
4221,582
4222,558
4223,569
4224,584
4225,558
4226,537
4227,559
4228,544
4229,591
4230,524
4231,571
4232,529
4233,580
4234,562
4235,586
4236,553
4237,586
4238,533
4239,529
4240,569
4241,561
4242,567
4243,598
4244,555
4245,578
4246,551
4247,571
4248,584
4249,596
4250,525
4251,572
4252,607
4253,569
4254,561
4255,537
4256,547
4257,517
4258,538
4259,565
4260,561
4261,541
4262,523
4263,591
4264,539
4265,601
4266,549
4267,537
4268,588
4269,571
4270,578
4271,571
4272,551
4273,521
4274,576
4275,553
4276,598
4277,610
4278,548
4279,571
4280,519
4281,530
4282,547
4283,525
4284,572
4285,529
4286,522
4287,553
4288,552
4289,544
4290,608
4291,563
4292,602
4293,563
4294,547
4295,537
4296,580
4297,583
4298,584
4299,575
4300,571
4301,553
4302,575
4303,609
4304,556
4305,540
4306,596
4307,579
4308,557
4309,506
4310,583
4311,579
4312,584
4313,565
4314,556
4315,576
4316,542
4317,547
4318,575
4319,577
4320,539
4321,549
4322,505
4323,544
4324,578
4325,579
4326,616
4327,572
4328,563
4329,499
4330,571
4331,550
4332,571
4333,521
4334,556
4335,598
4336,535
4337,585
4338,506
4339,607
4340,574
4341,543
4342,570
4343,596
4344,565
4345,597
4346,542
4347,579
4348,596
4349,561
4350,541
4351,604
4352,547
4353,536
4354,502
4355,552
4356,565
4357,538
4358,564
4359,559
4360,576
4361,575
4362,583
4363,545
4364,618
4365,614
4366,548
4367,541
4368,588
4369,512
4370,562
4371,518
4372,567
4373,572
4374,599
4375,578
4376,547
4377,526
4378,558
4379,545
4380,523
4381,583
4382,557
4383,571
4384,542
4385,532
4386,556
4387,593
4388,555
4389,583
4390,571
4391,572
4392,602
4393,535
4394,595
4395,573
4396,526
4397,547
4398,567
4399,586
4400,591
4401,577
4402,587
4403,514
4404,551
4405,541
4406,576
4407,581
4408,596
4409,565
4410,563
4411,578
4412,610
4413,576
4414,598
4415,528
4416,589
4417,588
4418,585
4419,557
4420,590
4421,538
4422,572
4423,584
4424,568
4425,567
4426,567
4427,553
4428,534
4429,541
4430,574
4431,546
4432,548
4433,563
4434,559
4435,571
4436,559
4437,531
4438,547
4439,560
4440,531
4441,590
4442,596
4443,600
4444,601
4445,585
4446,595
4447,580
4448,558
4449,613
4450,554
4451,589
4452,549
4453,536
4454,565
4455,498
4456,552
4457,557
4458,612
4459,602
4460,530
4461,567
4462,584
4463,539
4464,531
4465,618
4466,561
4467,518
4468,613
4469,544
4470,625
4471,587
4472,519
4473,580
4474,556
4475,559
4476,543
4477,580
4478,538
4479,571
4480,522
4481,548
4482,581
4483,624
4484,528
4485,574
4486,564
4487,556
4488,524
4489,554
4490,525
4491,562
4492,555
4493,541
4494,580
4495,538
4496,561
4497,555
4498,576
4499,573
4500,605
4501,607
4502,563
4503,588
4504,558
4505,566
4506,581
4507,578
4508,586
4509,560
4510,547
4511,550
4512,531
4513,546
4514,587
4515,561
4516,512
4517,597
4518,558
4519,537
4520,515
4521,583
4522,580
4523,547
4524,578
4525,563
4526,525
4527,543
4528,579
4529,582
4530,555
4531,542
4532,574
4533,599
4534,553
4535,534
4536,563
4537,578
4538,593
4539,551
4540,570
4541,582
4542,532
4543,570
4544,535
4545,573
4546,567
4547,566
4548,535
4549,563
4550,569
4551,578
4552,589
4553,546
4554,604
4555,558
4556,538
4557,562
4558,587
4559,597
4560,592
4561,543
4562,539
4563,568
4564,540
4565,573
4566,566
4567,561
4568,571
4569,541
4570,550
4571,487
4572,571
4573,528
4574,524
4575,584
4576,573
4577,565
4578,573
4579,522
4580,560
4581,515
4582,562
4583,568
4584,503
4585,533
4586,613
4587,564
4588,580
4589,594
4590,524
4591,564
4592,614
4593,571
4594,577
4595,596
4596,602
4597,536
4598,537
4599,527
4600,570
4601,583
4602,567
4603,565
4604,559
4605,514
4606,552
4607,602
4608,513
4609,545
4610,586
4611,534
4612,561
4613,572
4614,520
4615,532
4616,558
4617,537
4618,561
4619,577
4620,580
4621,561
4622,547
4623,575
4624,523
4625,534
4626,572
4627,582
4628,517
4629,572
4630,604
4631,585
4632,556
4633,534
4634,540
4635,512
4636,566
4637,555
4638,528
4639,594
4640,561
4641,581
4642,543
4643,556
4644,583
4645,592
4646,539
4647,562
4648,550
4649,518
4650,554
4651,517
4652,559
4653,578
4654,556
4655,619
4656,579
4657,556
4658,522
4659,572
4660,545
4661,577
4662,526
4663,530
4664,542
4665,593
4666,589
4667,552
4668,524
4669,579
4670,541
4671,595
4672,590
4673,586
4674,562
4675,557
4676,605
4677,549
4678,537
4679,498
4680,569
4681,550
4682,587
4683,532
4684,586
4685,542
4686,586
4687,594
4688,577
4689,563
4690,575
4691,562
4692,576
4693,552
4694,544
4695,578
4696,602
4697,531
4698,556
4699,580
4700,577
4701,550
4702,557
4703,540
4704,542
4705,582
4706,560
4707,564
4708,551
4709,561
4710,563
4711,595
4712,560
4713,570
4714,572
4715,538
4716,586
4717,549
4718,515
4719,579
4720,601
4721,561
4722,548
4723,561
4724,547
4725,565
4726,547
4727,533
4728,570
4729,563
4730,602
4731,561
4732,584
4733,508
4734,542
4735,603
4736,562
4737,543
4738,555
4739,545
4740,515
4741,569
4742,588
4743,555
4744,551
4745,580
4746,551
4747,601
4748,542
4749,540
4750,563
4751,537
4752,557
4753,580
4754,545
4755,568
4756,546
4757,590
4758,526
4759,586
4760,544
4761,561
4762,560
4763,561
4764,586
4765,546
4766,536
4767,560
4768,572
4769,565
4770,570
4771,527
4772,537
4773,550
4774,592
4775,576
4776,554
4777,586
4778,570
4779,613
4780,556
4781,554
4782,569
4783,561
4784,562
4785,594
4786,541
4787,531
4788,507
4789,552
4790,531
4791,554
4792,592
4793,528
4794,577
4795,546
4796,562
4797,522
4798,511
4799,530
4800,550
4801,573
4802,526
4803,591
4804,527
4805,547
4806,562
4807,553
4808,571
4809,545
4810,534
4811,573
4812,534
4813,559
4814,575
4815,541
4816,586
4817,551
4818,556
4819,547
4820,570
4821,560
4822,559
4823,594
4824,555
4825,550
4826,553
4827,572
4828,553
4829,628
4830,589
4831,558
4832,557
4833,569
4834,618
4835,523
4836,578
4837,547
4838,525
4839,581
4840,565
4841,524
4842,578
4843,510
4844,588
4845,596
4846,590
4847,564
4848,568
4849,551
4850,552
4851,577
4852,604
4853,540
4854,549
4855,598
4856,539
4857,548
4858,568
4859,606
4860,572
4861,544
4862,551
4863,542
4864,556
4865,597
4866,600
4867,554
4868,564
4869,582
4870,572
4871,609
4872,562
4873,545
4874,556
4875,552
4876,549
4877,583
4878,580
4879,527
4880,589
4881,570
4882,552
4883,583
4884,528
4885,556
4886,546
4887,620
4888,543
4889,557
4890,577
4891,589
4892,547
4893,531
4894,522
4895,583
4896,584
4897,556
4898,598
4899,510
4900,510
4901,568
4902,552
4903,570
4904,578
4905,572
4906,597
4907,556
4908,568
4909,554
4910,571
4911,567
4912,563
4913,564
4914,565
4915,567
4916,565
4917,540
4918,557
4919,621
4920,522
4921,569
4922,543
4923,538
4924,556
4925,559
4926,550
4927,567
4928,606
4929,550
4930,561
4931,575
4932,564
4933,568
4934,541
4935,552
4936,530
4937,537
4938,567
4939,582
4940,565
4941,578
4942,516
4943,613
4944,578
4945,576
4946,553
4947,587
4948,577
4949,547
4950,587
4951,552
4952,537
4953,586
4954,543
4955,533
4956,565
4957,553
4958,527
4959,548
4960,580
4961,534
4962,538
4963,558
4964,591
4965,562
4966,537
4967,530
4968,595
4969,547
4970,619
4971,537
4972,538
4973,559
4974,605
4975,575
4976,532
4977,583
4978,544
4979,508
4980,606
4981,556
4982,583
4983,527
4984,579
4985,543
4986,581
4987,549
4988,558
4989,590
4990,558
4991,581
4992,623
4993,574
4994,526
4995,552
4996,558
4997,565
4998,555
4999,568
5000,538
5001,549
5002,585
5003,532
5004,541
5005,561
5006,566
5007,529
5008,532
5009,558
5010,565
5011,554
5012,527
5013,569
5014,577
5015,587
5016,557
5017,576
5018,591
5019,565
5020,563
5021,618
5022,554
5023,595
5024,593
5025,587
5026,616
5027,591
5028,556
5029,553
5030,598
5031,557
5032,598
5033,534
5034,581
5035,579
5036,548
5037,603
5038,549
5039,580
5040,579
5041,531
5042,549
5043,564
5044,539
5045,597
5046,582
5047,587
5048,553
5049,540
5050,575
5051,551
5052,535
5053,537
5054,520
5055,586
5056,555
5057,506
5058,575
5059,575
5060,570
5061,543
5062,568
5063,556
5064,570
5065,579
5066,559
5067,569
5068,546
5069,573
5070,593
5071,574
5072,589
5073,540
5074,561
5075,535
5076,548
5077,545
5078,570
5079,585
5080,530
5081,553
5082,615
5083,584
5084,588
5085,595
5086,551
5087,588
5088,550
5089,566
5090,539
5091,570
5092,549
5093,519
5094,539
5095,587
5096,559
5097,539
5098,575
5099,557
5100,588
5101,576
5102,600
5103,554
5104,585
5105,582
5106,543
5107,593
5108,571
5109,568
5110,572
5111,526
5112,574
5113,570
5114,526
5115,604
5116,595
5117,551
5118,513
5119,534
5120,596
5121,561
5122,558
5123,560
5124,562
5125,564
5126,552
5127,578
5128,584
5129,557
5130,562
5131,544
5132,554
5133,564
5134,545
5135,594
5136,586
5137,577
5138,593
5139,577
5140,549
5141,545
5142,578
5143,548
5144,568
5145,544
5146,545
5147,560
5148,564
5149,494
5150,602
5151,563
5152,576
5153,555
5154,566
5155,503
5156,592
5157,570
5158,567
5159,541
5160,513
5161,578
5162,553
5163,565
5164,558
5165,543
5166,588
5167,545
5168,566
5169,503
5170,623
5171,540
5172,571
5173,545
5174,586
5175,567
5176,589
5177,512
5178,584
5179,583
5180,553
5181,553
5182,577
5183,585
5184,549
5185,590
5186,486
5187,570
5188,532
5189,601
5190,615
5191,568
5192,551
5193,558
5194,532
5195,557
5196,538
5197,557
5198,535
5199,556
5200,586
5201,540
5202,579
5203,599
5204,560
5205,553
5206,572
5207,544
5208,518
5209,546
5210,589
5211,574
5212,544
5213,588
5214,541
5215,564
5216,598
5217,591
5218,577
5219,537
5220,553
5221,537
5222,602
5223,516
5224,583
5225,554
5226,531
5227,516
5228,578
5229,568
5230,556
5231,541
5232,556
5233,599
5234,559
5235,583
5236,559
5237,607
5238,548
5239,571
5240,549
5241,523
5242,582
5243,564
5244,565
5245,559
5246,599
5247,583
5248,569
5249,579
5250,551
5251,539
5252,572
5253,561
5254,558
5255,546
5256,577
5257,575
5258,533
5259,596
5260,549
5261,580
5262,542
5263,554
5264,562
5265,569
5266,569
5267,578
5268,573
5269,583
5270,559
5271,588
5272,567
5273,593
5274,531
5275,606
5276,573
5277,545
5278,564
5279,552
5280,575
5281,601
5282,577
5283,549
5284,551
5285,584
5286,601
5287,583
5288,563
5289,527
5290,543
5291,574
5292,556
5293,559
5294,571
5295,554
5296,537
5297,531
5298,581
5299,565
5300,533
5301,569
5302,557
5303,568
5304,585
5305,580
5306,560
5307,610
5308,579
5309,589
5310,548
5311,558
5312,602
5313,553
5314,596
5315,590
5316,566
5317,567
5318,583
5319,562
5320,594
5321,531
5322,595
5323,569
5324,525
5325,522
5326,566
5327,563
5328,564
5329,578
5330,564
5331,568
5332,554
5333,543
5334,554
5335,551
5336,550
5337,525
5338,557
5339,588
5340,557
5341,536
5342,560
5343,563
5344,522
5345,552
5346,602
5347,532
5348,524
5349,584
5350,583
5351,576
5352,565
5353,556
5354,528
5355,546
5356,604
5357,619
5358,560
5359,520
5360,573
5361,526
5362,561
5363,542
5364,529
5365,543
5366,583
5367,559
5368,573
5369,559
5370,543
5371,539
5372,524
5373,571
5374,520
5375,605
5376,563
5377,574
5378,528
5379,539
5380,525
5381,550
5382,543
5383,549
5384,573
5385,513
5386,565
5387,542
5388,585
5389,529
5390,551
5391,529
5392,530
5393,551
5394,589
5395,541
5396,542
5397,586
5398,579
5399,585
5400,548
5401,550
5402,582
5403,592
5404,550
5405,584
5406,535
5407,532
5408,585
5409,568
5410,547
5411,579
5412,572
5413,571
5414,596
5415,569
5416,588
5417,541
5418,551
5419,535
5420,570
5421,525
5422,601
5423,574
5424,556
5425,606
5426,558
5427,556
5428,556
5429,519
5430,572
5431,552
5432,551
5433,565
5434,586
5435,590
5436,580
5437,536
5438,565
5439,617
5440,549
5441,554
5442,577
5443,550
5444,564
5445,534
5446,587
5447,567
5448,565
5449,557
5450,564
5451,548
5452,553
5453,555
5454,585
5455,572
5456,577
5457,576
5458,541
5459,594
5460,581
5461,553
5462,539
5463,539
5464,548
5465,574
5466,557
5467,572
5468,518
5469,524
5470,595
5471,565
5472,550
5473,579
5474,566
5475,533
5476,539
5477,531
5478,571
5479,571
5480,574
5481,547
5482,586
5483,530
5484,549
5485,554
5486,513
5487,613
5488,581
5489,538
5490,567
5491,576
5492,550
5493,553
5494,540
5495,531
5496,552
5497,601
5498,540
5499,564
5500,567
5501,562
5502,574
5503,545
5504,568
5505,569
5506,600
5507,571
5508,541
5509,566
5510,548
5511,552
5512,555
5513,545
5514,576
5515,586
5516,565
5517,561
5518,581
5519,570
5520,572
5521,545
5522,542
5523,555
5524,547
5525,559
5526,553
5527,575
5528,503
5529,534
5530,579
5531,537
5532,557
5533,540
5534,528
5535,590
5536,602
5537,574
5538,577
5539,585
5540,576
5541,524
5542,545
5543,552
5544,562
5545,580
5546,565
5547,580
5548,582
5549,581
5550,548
5551,567
5552,594
5553,588
5554,542
5555,563
5556,585
5557,557
5558,551
5559,557
5560,587
5561,579
5562,559
5563,550
5564,551
5565,556
5566,546
5567,548
5568,540
5569,553
5570,512
5571,567
5572,565
5573,559
5574,600
5575,552
5576,548
5577,553
5578,583
5579,572
5580,511
5581,540
5582,531
5583,564
5584,543
5585,535
5586,593
5587,576
5588,523
5589,573
5590,572
5591,605
5592,543
5593,527
5594,543
5595,572
5596,583
5597,569
5598,539
5599,567
5600,564
5601,592
5602,544
5603,558
5604,576
5605,585
5606,582
5607,557
5608,539
5609,552
5610,564
5611,585
5612,516
5613,586
5614,546
5615,551
5616,543
5617,556
5618,545
5619,578
5620,551
5621,554
5622,537
5623,518
5624,547
5625,560
5626,564
5627,564
5628,577
5629,582
5630,573
5631,525
5632,531
5633,586
5634,610
5635,580
5636,560
5637,570
5638,554
5639,553
5640,550
5641,575
5642,564
5643,568
5644,531
5645,537
5646,592
5647,542
5648,591
5649,556
5650,532
5651,569
5652,577
5653,535
5654,567
5655,544
5656,591
5657,590
5658,552
5659,581
5660,558
5661,540
5662,561
5663,515
5664,570
5665,554
5666,590
5667,579
5668,567
5669,541
5670,556
5671,582
5672,544
5673,553
5674,569
5675,547
5676,565
5677,578
5678,522
5679,550
5680,552
5681,578
5682,557
5683,565
5684,568
5685,571
5686,563
5687,538
5688,563
5689,574
5690,590
5691,565
5692,588
5693,577
5694,561
5695,559
5696,544
5697,561
5698,571
5699,555
5700,538
5701,546
5702,585
5703,582
5704,603
5705,540
5706,553
5707,526
5708,539
5709,504
5710,565
5711,505
5712,557
5713,606
5714,576
5715,531
5716,545
5717,546
5718,551
5719,573
5720,575
5721,626
5722,565
5723,571
5724,588
5725,617
5726,568
5727,601
5728,551
5729,573
5730,552
5731,542
5732,565
5733,543
5734,612
5735,538
5736,578
5737,596
5738,576
5739,577
5740,555
5741,567
5742,535
5743,536
5744,608
5745,550
5746,547
5747,531
5748,531
5749,565
5750,538
5751,596
5752,554
5753,560
5754,544
5755,543
5756,562
5757,534
5758,591
5759,544
5760,571
5761,577
5762,549
5763,563
5764,551
5765,548
5766,593
5767,546
5768,548
5769,577
5770,539
5771,566
5772,582
5773,606
5774,556
5775,538
5776,562
5777,574
5778,587
5779,535
5780,561
5781,552
5782,551
5783,546
5784,577
5785,572
5786,555
5787,565
5788,556
5789,559
5790,540
5791,573
5792,565
5793,571
5794,569
5795,556
5796,520
5797,516
5798,526
5799,563
5800,579
5801,557
5802,567
5803,577
5804,577
5805,628
5806,575
5807,559
5808,612
5809,561
5810,557
5811,545
5812,536
5813,560
5814,538
5815,554
5816,532
5817,558
5818,536
5819,541
5820,512
5821,567
5822,541
5823,535
5824,531
5825,510
5826,536
5827,619
5828,549
5829,578
5830,577
5831,569
5832,507
5833,629
5834,581
5835,592
5836,528
5837,568
5838,581
5839,592
5840,527
5841,603
5842,540
5843,556
5844,533
5845,572
5846,577
5847,550
5848,577
5849,579
5850,574
5851,560
5852,550
5853,538
5854,562
5855,553
5856,538
5857,560
5858,632
5859,561
5860,585
5861,542
5862,566
5863,510
5864,577
5865,523
5866,511
5867,548
5868,597
5869,557
5870,584
5871,554
5872,564
5873,561
5874,559
5875,575
5876,553
5877,570
5878,534
5879,548
5880,514
5881,568
5882,579
5883,612
5884,546
5885,552
5886,547
5887,537
5888,578
5889,570
5890,550
5891,559
5892,579
5893,579
5894,533
5895,559
5896,564
5897,540
5898,562
5899,562
5900,567
5901,560
5902,571
5903,548
5904,594
5905,563
5906,591
5907,571
5908,544
5909,559
5910,555
5911,581
5912,599
5913,550
5914,540
5915,562
5916,566
5917,547
5918,579
5919,578
5920,538
5921,542
5922,541
5923,535
5924,565
5925,548
5926,585
5927,520
5928,547
5929,551
5930,580
5931,520
5932,499
5933,589
5934,567
5935,547
5936,540
5937,569
5938,549
5939,599
5940,563
5941,552
5942,523
5943,563
5944,562
5945,556
5946,556
5947,558
5948,540
5949,553
5950,545
5951,591
5952,540
5953,578
5954,561
5955,523
5956,547
5957,568
5958,562
5959,533
5960,585
5961,573
5962,580
5963,534
5964,550
5965,555
5966,557
5967,554
5968,570
5969,561
5970,512
5971,550
5972,550
5973,556
5974,593
5975,560
5976,557
5977,595
5978,595
5979,575
5980,588
5981,554
5982,615
5983,554
5984,593
5985,558
5986,534
5987,568
5988,561
5989,532
5990,532
5991,600
5992,564
5993,568
5994,589
5995,558
5996,584
5997,589
5998,544
5999,544
6000,534
6001,600
6002,554
6003,537
6004,538
6005,517
6006,579
6007,518
6008,610
6009,548
6010,563
6011,576
6012,534
6013,560
6014,564
6015,566
6016,574
6017,570
6018,581
6019,562
6020,554
6021,585
6022,575
6023,546
6024,547
6025,557
6026,568
6027,558
6028,517
6029,538
6030,548
6031,542
6032,588
6033,603
6034,524
6035,549
6036,595
6037,549
6038,565
6039,531
6040,543
6041,538
6042,589
6043,502
6044,576
6045,540
6046,543
6047,577
6048,557
6049,570
6050,614
6051,556
6052,539
6053,571
6054,547
6055,567
6056,526
6057,563
6058,608
6059,552
6060,547
6061,524
6062,560
6063,553
6064,602
6065,567
6066,623
6067,576
6068,578
6069,552
6070,537
6071,554
6072,551
6073,561
6074,561
6075,552
6076,530
6077,587
6078,562
6079,581
6080,570
6081,549
6082,580
6083,548
6084,562
6085,574
6086,591
6087,581
6088,562
6089,557
6090,555
6091,597
6092,524
6093,557
6094,535
6095,549
6096,562
6097,564
6098,607
6099,563
6100,583
6101,536
6102,544
6103,569
6104,569
6105,550
6106,541
6107,559
6108,574
6109,574
6110,571
6111,565
6112,542
6113,559
6114,552
6115,581
6116,547
6117,566
6118,605
6119,562
6120,569
6121,552
6122,605
6123,574
6124,559
6125,554
6126,574
6127,544
6128,543
6129,565
6130,540
6131,596
6132,575
6133,537
6134,548
6135,558
6136,583
6137,560
6138,539
6139,522
6140,581
6141,569
6142,536
6143,566
6144,585
6145,584
6146,546
6147,584
6148,538
6149,559
6150,541
6151,563
6152,550
6153,528
6154,581
6155,554
6156,557
6157,558
6158,570
6159,577
6160,581
6161,556
6162,540
6163,527
6164,582
6165,593
6166,571
6167,541
6168,532
6169,509
6170,596
6171,586
6172,560
6173,567
6174,525
6175,610
6176,563
6177,565
6178,573
6179,543
6180,523
6181,570
6182,552
6183,581
6184,594
6185,559
6186,573
6187,544
6188,542
6189,565
6190,519
6191,585
6192,569
6193,582
6194,561
6195,589
6196,569
6197,574
6198,553
6199,560
6200,523
6201,558
6202,585
6203,554
6204,526
6205,556
6206,567
6207,541
6208,582
6209,545
6210,561
6211,559
6212,537
6213,564
6214,557
6215,556
6216,550
6217,570
6218,568
6219,599
6220,545
6221,582
6222,576
6223,563
6224,603
6225,572
6226,588
6227,611
6228,546
6229,539
6230,552
6231,540
6232,578
6233,562
6234,549
6235,605
6236,539
6237,588
6238,568
6239,588
6240,603
6241,543
6242,573
6243,533
6244,598
6245,530
6246,587
6247,608
6248,596
6249,557
6250,533
6251,578
6252,586
6253,574
6254,559
6255,557
6256,543
6257,530
6258,578
6259,532
6260,548
6261,554
6262,595
6263,569
6264,538
6265,569
6266,541
6267,578
6268,550
6269,546
6270,591
6271,593
6272,541
6273,608
6274,548
6275,570
6276,598
6277,607
6278,540
6279,526
6280,555
6281,592
6282,544
6283,579
6284,583
6285,558
6286,548
6287,528
6288,550
6289,567
6290,557
6291,591
6292,552
6293,545
6294,565
6295,552
6296,557
6297,605
6298,552
6299,554
6300,612
6301,555
6302,546
6303,551
6304,576
6305,552
6306,544
6307,544
6308,549
6309,521
6310,582
6311,500
6312,577
6313,559
6314,570
6315,547
6316,556
6317,570
6318,566
6319,594
6320,577
6321,582
6322,559
6323,601
6324,558
6325,538
6326,596
6327,539
6328,578
6329,563
6330,565
6331,563
6332,542
6333,573
6334,554
6335,569
6336,549
6337,557
6338,599
6339,599
6340,507
6341,565
6342,562
6343,567
6344,543
6345,518
6346,575
6347,565
6348,583
6349,555
6350,550
6351,575
6352,559
6353,566
6354,558
6355,553
6356,557
6357,587
6358,534
6359,570
6360,577
6361,569
6362,550
6363,601
6364,581
6365,574
6366,586
6367,577
6368,567
6369,532
6370,577
6371,583
6372,578
6373,580
6374,557
6375,551
6376,548
6377,599
6378,566
6379,574
6380,538
6381,545
6382,546
6383,597
6384,552
6385,541
6386,576
6387,568
6388,570
6389,557
6390,569
6391,554
6392,537
6393,589
6394,535
6395,586
6396,600
6397,605
6398,532
6399,567
6400,580
6401,550
6402,540
6403,524
6404,545
6405,581
6406,535
6407,555
6408,555
6409,536
6410,542
6411,530
6412,531
6413,588
6414,554
6415,563
6416,534
6417,568
6418,519
6419,579
6420,556
6421,587
6422,574
6423,613
6424,528
6425,511
6426,549
6427,589
6428,554
6429,551
6430,574
6431,545
6432,526
6433,561
6434,582
6435,560
6436,546
6437,550
6438,535
6439,589
6440,579
6441,558
6442,553
6443,553
6444,545
6445,540
6446,554
6447,569
6448,564
6449,562
6450,558
6451,557
6452,555
6453,518
6454,554
6455,553
6456,576
6457,542
6458,598
6459,597
6460,558
6461,532
6462,579
6463,510
6464,568
6465,601
6466,559
6467,558
6468,555
6469,568
6470,602
6471,543
6472,559
6473,575
6474,553
6475,553
6476,588
6477,556
6478,523
6479,546
6480,552
6481,600
6482,562
6483,531
6484,556
6485,555
6486,528
6487,560
6488,590
6489,576
6490,587
6491,556
6492,579
6493,554
6494,535
6495,557
6496,590
6497,556
6498,551
6499,550
6500,579
6501,550
6502,586
6503,569
6504,567
6505,566
6506,554
6507,570
6508,570
6509,546
6510,582
6511,559
6512,549
6513,558
6514,572
6515,571
6516,557
6517,568
6518,579
6519,553
6520,534
6521,532
6522,556
6523,576
6524,576
6525,577
6526,553
6527,530
6528,540
6529,557
6530,569
6531,523
6532,536
6533,577
6534,571
6535,573
6536,593
6537,504
6538,611
6539,605
6540,525
6541,580
6542,580
6543,590
6544,570
6545,545
6546,545
6547,585
6548,572
6549,581
6550,576
6551,593
6552,581
6553,525
6554,578
6555,552
6556,570
6557,564
6558,576
6559,537
6560,585
6561,544
6562,558
6563,609
6564,547
6565,572
6566,554
6567,604
6568,596
6569,578
6570,551
6571,556
6572,576
6573,575
6574,566
6575,551
6576,583
6577,547
6578,549
6579,580
6580,565
6581,583
6582,550
6583,564
6584,568
6585,515
6586,547
6587,570
6588,556
6589,603
6590,548
6591,553
6592,547
6593,607
6594,571
6595,574
6596,577
6597,581
6598,514
6599,556
6600,564
6601,580
6602,567
6603,576
6604,585
6605,546
6606,549
6607,545
6608,537
6609,573
6610,560
6611,550
6612,541
6613,568
6614,560
6615,485
6616,561
6617,599
6618,553
6619,577
6620,576
6621,580
6622,517
6623,563
6624,565
6625,552
6626,567
6627,554
6628,586
6629,536
6630,582
6631,568
6632,605
6633,572
6634,584
6635,529
6636,529
6637,566
6638,559
6639,591
6640,575
6641,627
6642,513
6643,555
6644,584
6645,550
6646,588
6647,523
6648,545
6649,561
6650,546
6651,523
6652,550
6653,572
6654,555
6655,570
6656,574
6657,530
6658,542
6659,564
6660,596
6661,555
6662,547
6663,538
6664,585
6665,570
6666,537
6667,557
6668,585
6669,581
6670,542
6671,526
6672,583
6673,555
6674,584
6675,570
6676,576
6677,560
6678,573
6679,604
6680,558
6681,622
6682,553
6683,556
6684,568
6685,547
6686,577
6687,532
6688,537
6689,564
6690,575
6691,556
6692,582
6693,565
6694,579
6695,564
6696,576
6697,585
6698,563
6699,551
6700,536
6701,636
6702,553
6703,581
6704,593
6705,517
6706,543
6707,547
6708,574
6709,618
6710,564
6711,582
6712,516
6713,541
6714,581
6715,573
6716,533
6717,585
6718,591
6719,569
6720,555
6721,569
6722,576
6723,568
6724,562
6725,588
6726,522
6727,560
6728,583
6729,534
6730,559
6731,587
6732,544
6733,564
6734,560
6735,572
6736,555
6737,550
6738,576
6739,555
6740,564
6741,557
6742,555
6743,555
6744,585
6745,602
6746,554
6747,576
6748,557
6749,519
6750,532
6751,543
6752,560
6753,582
6754,584
6755,540
6756,597
6757,552
6758,584
6759,552
6760,535
6761,569
6762,605
6763,521
6764,572
6765,562
6766,530
6767,558
6768,581
6769,562
6770,571
6771,555
6772,594
6773,548
6774,538
6775,580
6776,573
6777,577
6778,604
6779,552
6780,528
6781,531
6782,581
6783,532
6784,551
6785,544
6786,524
6787,600
6788,580
6789,540
6790,524
6791,544
6792,605
6793,558
6794,525
6795,606
6796,583
6797,590
6798,588
6799,548
6800,563
6801,554
6802,605
6803,571
6804,545
6805,587
6806,594
6807,551
6808,537
6809,557
6810,579
6811,573
6812,561
6813,547
6814,546
6815,564
6816,529
6817,517
6818,528
6819,521
6820,526
6821,570
6822,581
6823,573
6824,576
6825,599
6826,585
6827,525
6828,567
6829,613
6830,579
6831,584
6832,575
6833,527
6834,543
6835,560
6836,563
6837,544
6838,537
6839,568
6840,599
6841,572
6842,561
6843,529
6844,571
6845,611
6846,542
6847,589
6848,592
6849,584
6850,583
6851,596
6852,574
6853,564
6854,545
6855,533
6856,561
6857,547
6858,563
6859,547
6860,591
6861,576
6862,587
6863,573
6864,594
6865,538
6866,566
6867,573
6868,543
6869,537
6870,534
6871,558
6872,588
6873,556
6874,541
6875,601
6876,571
6877,592
6878,542
6879,619
6880,558
6881,565
6882,523
6883,562
6884,593
6885,567
6886,555
6887,577
6888,562
6889,554
6890,530
6891,576
6892,551
6893,539
6894,555
6895,544
6896,558
6897,555
6898,536
6899,574
6900,535
6901,580
6902,570
6903,517
6904,630
6905,508
6906,562
6907,569
6908,566
6909,565
6910,558
6911,521
6912,563
6913,581
6914,535
6915,564
6916,553
6917,561
6918,578
6919,575
6920,574
6921,555
6922,570
6923,566
6924,545
6925,546
6926,583
6927,532
6928,549
6929,565
6930,609
6931,566
6932,567
6933,579
6934,519
6935,521
6936,546
6937,576
6938,543
6939,579
6940,545
6941,564
6942,586
6943,569
6944,539
6945,593
6946,529
6947,555
6948,587
6949,535
6950,593
6951,529
6952,527
6953,533
6954,543
6955,524
6956,533
6957,546
6958,576
6959,590
6960,587
6961,561
6962,552
6963,512
6964,557
6965,581
6966,559
6967,561
6968,560
6969,556
6970,552
6971,535
6972,558
6973,521
6974,593
6975,562
6976,544
6977,559
6978,572
6979,564
6980,569
6981,586
6982,572
6983,523
6984,557
6985,607
6986,555
6987,560
6988,583
6989,535
6990,550
6991,538
6992,577
6993,571
6994,561
6995,567
6996,561
6997,546
6998,557
6999,555
7000,544
7001,527
7002,577
7003,544
7004,568
7005,555
7006,583
7007,607
7008,519
7009,553
7010,570
7011,537
7012,566
7013,567
7014,532
7015,564
7016,594
7017,541
7018,562
7019,616
7020,563
7021,550
7022,597
7023,581
7024,525
7025,580
7026,545
7027,555
7028,580
7029,565
7030,563
7031,531
7032,570
7033,597
7034,527
7035,563
7036,565
7037,535
7038,573
7039,573
7040,513
7041,566
7042,580
7043,576
7044,579
7045,582
7046,558
7047,560
7048,581
7049,507
7050,567
7051,567
7052,565
7053,524
7054,542
7055,548
7056,555
7057,548
7058,553
7059,575
7060,568
7061,549
7062,531
7063,542
7064,639
7065,579
7066,546
7067,507
7068,571
7069,608
7070,534
7071,532
7072,587
7073,557
7074,588
7075,569
7076,592
7077,531
7078,578
7079,574
7080,547
7081,551
7082,569
7083,567
7084,554
7085,623
7086,587
7087,609
7088,548
7089,552
7090,531
7091,588
7092,518
7093,550
7094,548
7095,550
7096,586
7097,518
7098,557
7099,572
7100,541
7101,589
7102,567
7103,604
7104,627
7105,559
7106,568
7107,548
7108,607
7109,519
7110,545
7111,572
7112,542
7113,568
7114,617
7115,548
7116,571
7117,601
7118,569
7119,527
7120,564
7121,578
7122,538
7123,567
7124,567
7125,534
7126,566
7127,555
7128,560
7129,562
7130,542
7131,579
7132,568
7133,526
7134,568
7135,535
7136,565
7137,528
7138,597
7139,636
7140,549
7141,562
7142,574
7143,556
7144,562
7145,562
7146,558
7147,541
7148,549
7149,542
7150,534
7151,517
7152,567
7153,544
7154,552
7155,562
7156,568
7157,549
7158,541
7159,547
7160,583
7161,554
7162,563
7163,586
7164,530
7165,552
7166,587
7167,594
7168,531
7169,603
7170,531
7171,597
7172,561
7173,531
7174,599
7175,593
7176,550
7177,567
7178,574
7179,556
7180,557
7181,543
7182,541
7183,599
7184,541
7185,550
7186,555
7187,565
7188,522
7189,595
7190,614
7191,568
7192,564
7193,551
7194,580
7195,556
7196,585
7197,578
7198,536
7199,531
7200,552
7201,580
7202,579
7203,546
7204,533
7205,535
7206,522
7207,552
7208,554
7209,532
7210,556
7211,561
7212,517
7213,565
7214,583
7215,572
7216,554
7217,609
7218,522
7219,596
7220,545
7221,595
7222,541
7223,548
7224,589
7225,594
7226,563
7227,571
7228,553
7229,526
7230,583
7231,581
7232,582
7233,556
7234,549
7235,562
7236,537
7237,531
7238,551
7239,565
7240,543
7241,608
7242,581
7243,598
7244,597
7245,600
7246,537
7247,548
7248,572
7249,559
7250,576
7251,549
7252,565
7253,546
7254,568
7255,529
7256,569
7257,548
7258,551
7259,562
7260,586
7261,543
7262,551
7263,572
7264,575
7265,504
7266,598
7267,543
7268,595
7269,562
7270,537
7271,559
7272,562
7273,535
7274,570
7275,558
7276,573
7277,529
7278,560
7279,599
7280,536
7281,585
7282,542
7283,568
7284,599
7285,555
7286,562
7287,579
7288,575
7289,581
7290,562
7291,572
7292,557
7293,564
7294,558
7295,586
7296,545
7297,591
7298,574
7299,538
7300,573
7301,590
7302,585
7303,572
7304,580
7305,612
7306,602
7307,556
7308,520
7309,560
7310,577
7311,543
7312,563
7313,569
7314,543
7315,608
7316,569
7317,596
7318,561
7319,583
7320,610
7321,581
7322,535
7323,552
7324,580
7325,576
7326,553
7327,601
7328,542
7329,580
7330,580
7331,609
7332,569
7333,559
7334,540
7335,567
7336,557
7337,562
7338,586
7339,560
7340,503
7341,558
7342,504
7343,587
7344,539
7345,585
7346,536
7347,551
7348,547
7349,548
7350,551
7351,574
7352,591
7353,540
7354,523
7355,524
7356,575
7357,583
7358,553
7359,576
7360,559
7361,597
7362,596
7363,566
7364,535
7365,532
7366,575
7367,568
7368,590
7369,533
7370,583
7371,520
7372,514
7373,546
7374,480
7375,510
7376,548
7377,560
7378,566
7379,562
7380,550
7381,546
7382,574
7383,590
7384,570
7385,584
7386,555
7387,529
7388,575
7389,565
7390,578
7391,543
7392,572
7393,524
7394,641
7395,545
7396,555
7397,539
7398,588
7399,572
7400,568
7401,563
7402,579
7403,584
7404,569
7405,529
7406,546
7407,595
7408,561
7409,547
7410,528
7411,542
7412,533
7413,596
7414,564
7415,559
7416,575
7417,558
7418,609
7419,573
7420,566
7421,523
7422,584
7423,550
7424,565
7425,578
7426,534
7427,576
7428,555
7429,522
7430,549
7431,579
7432,553
7433,615
7434,572
7435,530
7436,534
7437,556
7438,559
7439,612
7440,559
7441,560
7442,544
7443,555
7444,602
7445,578
7446,543
7447,545
7448,589
7449,562
7450,601
7451,559
7452,544
7453,533
7454,541
7455,575
7456,555
7457,589
7458,543
7459,534
7460,541
7461,569
7462,557
7463,537
7464,532
7465,586
7466,565
7467,541
7468,564
7469,558
7470,565
7471,548
7472,603
7473,519
7474,564
7475,537
7476,575
7477,550
7478,581
7479,562
7480,562
7481,603
7482,542
7483,582
7484,542
7485,562
7486,562
7487,542
7488,558
7489,568
7490,586
7491,554
7492,552
7493,545
7494,611
7495,591
7496,604
7497,559
7498,588
7499,565
7500,526
7501,616
7502,559
7503,587
7504,537
7505,552
7506,577
7507,546
7508,546
7509,524
7510,596
7511,583
7512,584
7513,542
7514,571
7515,553
7516,576
7517,561
7518,549
7519,575
7520,550
7521,562
7522,570
7523,565
7524,546
7525,561
7526,594
7527,560
7528,557
7529,572
7530,529
7531,546
7532,512
7533,575
7534,600
7535,593
7536,573
7537,555
7538,626
7539,560
7540,601
7541,558
7542,552
7543,552
7544,550
7545,562
7546,562
7547,581
7548,568
7549,587
7550,542
7551,538
7552,557
7553,529
7554,525
7555,544
7556,585
7557,557
7558,554
7559,594
7560,533
7561,555
7562,531
7563,554
7564,526
7565,570
7566,576
7567,538
7568,537
7569,574
7570,565
7571,583
7572,577
7573,572
7574,570
7575,597
7576,538
7577,545
7578,576
7579,544
7580,588
7581,573
7582,592
7583,554
7584,600
7585,558
7586,565
7587,561
7588,532
7589,559
7590,562
7591,576
7592,527
7593,534
7594,554
7595,580
7596,532
7597,519
7598,562
7599,565
7600,542
7601,577
7602,578
7603,577
7604,562
7605,573
7606,622
7607,576
7608,574
7609,570
7610,563
7611,550
7612,589
7613,548
7614,581
7615,572
7616,553
7617,591
7618,585
7619,530
7620,519
7621,520
7622,556
7623,571
7624,579
7625,559
7626,542
7627,547
7628,563
7629,608
7630,534
7631,556
7632,582
7633,550
7634,594
7635,524
7636,555
7637,512
7638,537
7639,547
7640,532
7641,553
7642,636
7643,530
7644,544
7645,542
7646,551
7647,574
7648,568
7649,548
7650,550
7651,543
7652,585
7653,570
7654,564
7655,565
7656,557
7657,544
7658,565
7659,544
7660,531
7661,517
7662,589
7663,586
7664,576
7665,607
7666,562
7667,549
7668,616
7669,554
7670,573
7671,561
7672,552
7673,552
7674,561
7675,549
7676,524
7677,589
7678,528
7679,568
7680,583
7681,585
7682,586
7683,575
7684,568
7685,571
7686,568
7687,584
7688,551
7689,569
7690,587
7691,570
7692,565
7693,534
7694,599
7695,557
7696,544
7697,569
7698,506
7699,572
7700,528
7701,533
7702,532
7703,569
7704,581
7705,570
7706,591
7707,588
7708,542
7709,532
7710,529
7711,561
7712,553
7713,574
7714,574
7715,544
7716,551
7717,511
7718,581
7719,613
7720,592
7721,590
7722,547
7723,574
7724,587
7725,548
7726,568
7727,564
7728,547
7729,563
7730,538
7731,541
7732,501
7733,574
7734,537
7735,605
7736,561
7737,559
7738,542
7739,565
7740,564
7741,552
7742,565
7743,552
7744,569
7745,555
7746,584
7747,525
7748,550
7749,543
7750,579
7751,549
7752,534
7753,586
7754,524
7755,568
7756,576
7757,519
7758,544
7759,553
7760,527
7761,555
7762,588
7763,571
7764,559
7765,543
7766,563
7767,590
7768,541
7769,545
7770,606
7771,537
7772,570
7773,559
7774,549
7775,566
7776,541
7777,567
7778,568
7779,555
7780,536
7781,559
7782,547
7783,548
7784,566
7785,541
7786,551
7787,540
7788,532
7789,567
7790,567
7791,563
7792,557
7793,567
7794,575
7795,542
7796,561
7797,610
7798,565
7799,552
7800,565
7801,593
7802,569
7803,576
7804,585
7805,565
7806,552
7807,511
7808,544
7809,538
7810,522
7811,536
7812,615
7813,601
7814,557
7815,594
7816,591
7817,576
7818,557
7819,572
7820,590
7821,572
7822,565
7823,512
7824,604
7825,582
7826,537
7827,537
7828,548
7829,560
7830,542
7831,577
7832,555
7833,543
7834,553
7835,571
7836,601
7837,591
7838,545
7839,554
7840,591
7841,535
7842,587
7843,544
7844,531
7845,534
7846,578
7847,541
7848,537
7849,583
7850,594
7851,604
7852,603
7853,549
7854,532
7855,591
7856,576
7857,576
7858,577
7859,556
7860,580
7861,531
7862,529
7863,579
7864,540
7865,591
7866,545
7867,555
7868,557
7869,565
7870,562
7871,518
7872,516
7873,501
7874,507
7875,536
7876,556
7877,559
7878,581
7879,572
7880,589
7881,560
7882,568
7883,569
7884,531
7885,577
7886,572
7887,563
7888,592
7889,596
7890,549
7891,561
7892,569
7893,553
7894,557
7895,601
7896,586
7897,548
7898,572
7899,572
7900,543
7901,559
7902,533
7903,579
7904,554
7905,514
7906,567
7907,594
7908,551
7909,610
7910,566
7911,565
7912,606
7913,565
7914,551
7915,530
7916,549
7917,581
7918,570
7919,544
7920,550
7921,566
7922,583
7923,556
7924,554
7925,578
7926,531
7927,537
7928,552
7929,623
7930,527
7931,584
7932,558
7933,526
7934,600
7935,567
7936,590
7937,597
7938,564
7939,575
7940,602
7941,563
7942,546
7943,555
7944,566
7945,542
7946,547
7947,541
7948,573
7949,557
7950,577
7951,572
7952,530
7953,596
7954,539
7955,542
7956,592
7957,560
7958,549
7959,557
7960,572
7961,592
7962,544
7963,529
7964,543
7965,546
7966,557
7967,574
7968,556
7969,593
7970,570
7971,613
7972,561
7973,554
7974,544
7975,530
7976,576
7977,562
7978,565
7979,546
7980,540
7981,559
7982,570
7983,555
7984,582
7985,556
7986,547
7987,532
7988,562
7989,519
7990,548
7991,600
7992,570
7993,560
7994,529
7995,568
7996,556
7997,593
7998,545
7999,565
8000,547
8001,555
8002,591
8003,528
8004,533
8005,544
8006,586
8007,550
8008,560
8009,573
8010,580
8011,543
8012,542
8013,558
8014,542
8015,559
8016,554
8017,582
8018,552
8019,572
8020,556
8021,541
8022,574
8023,553
8024,555
8025,555
8026,559
8027,584
8028,560
8029,542
8030,581
8031,548
8032,545
8033,606
8034,572
8035,602
8036,578
8037,545
8038,537
8039,560
8040,557
8041,560
8042,579
8043,543
8044,576
8045,589
8046,559
8047,548
8048,557
8049,565
8050,577
8051,561
8052,587
8053,565
8054,579
8055,510
8056,574
8057,530
8058,546
8059,512
8060,552
8061,541
8062,531
8063,560
8064,582
8065,568
8066,560
8067,509
8068,567
8069,530
8070,569
8071,549
8072,549
8073,606
8074,596
8075,545
8076,554
8077,604
8078,536
8079,581
8080,559
8081,542
8082,545
8083,591
8084,556
8085,601
8086,557
8087,585
8088,548
8089,598
8090,568
8091,552
8092,555
8093,570
8094,560
8095,552
8096,551
8097,556
8098,530
8099,548
8100,588
8101,603
8102,576
8103,541
8104,559
8105,550
8106,577
8107,544
8108,545
8109,531
8110,577
8111,555
8112,555
8113,545
8114,554
8115,549
8116,593
8117,567
8118,559
8119,562
8120,538
8121,555
8122,536
8123,553
8124,532
8125,572
8126,570
8127,519
8128,529
8129,590
8130,552
8131,561
8132,586
8133,609
8134,540
8135,564
8136,548
8137,550
8138,568
8139,573
8140,592
8141,510
8142,524
8143,608
8144,566
8145,535
8146,573
8147,505
8148,546
8149,529
8150,602
8151,533
8152,525
8153,543
8154,530
8155,542
8156,547
8157,565
8158,586
8159,595
8160,571
8161,614
8162,575
8163,537
8164,548
8165,567
8166,521
8167,560
8168,594
8169,595
8170,585
8171,559
8172,564
8173,568
8174,570
8175,565
8176,519
8177,547
8178,575
8179,558
8180,571
8181,542
8182,544
8183,569
8184,591
8185,547
8186,550
8187,559
8188,571
8189,613
8190,540
8191,557
8192,599
8193,587
8194,578
8195,560
8196,562
8197,604
8198,562
8199,542
8200,501
8201,571
8202,556
8203,616
8204,609
8205,583
8206,579
8207,570
8208,523
8209,560
8210,573
8211,601
8212,590
8213,563
8214,542
8215,588
8216,573
8217,556
8218,554
8219,572
8220,561
8221,560
8222,548
8223,525
8224,572
8225,550
8226,535
8227,594
8228,576
8229,551
8230,554
8231,549
8232,558
8233,515
8234,560
8235,519
8236,585
8237,560
8238,535
8239,601
8240,502
8241,545
8242,591
8243,559
8244,500
8245,588
8246,554
8247,511
8248,565
8249,571
8250,571
8251,540
8252,584
8253,542
8254,554
8255,585
8256,571
8257,603
8258,547
8259,513
8260,599
8261,577
8262,533
8263,542
8264,568
8265,571
8266,568
8267,525
8268,555
8269,549
8270,566
8271,545
8272,555
8273,557
8274,559
8275,532
8276,565
8277,566
8278,604
8279,573
8280,568
8281,533
8282,568
8283,580
8284,567
8285,591
8286,588
8287,539
8288,507
8289,577
8290,560
8291,561
8292,557
8293,553
8294,531
8295,572
8296,529
8297,536
8298,571
8299,555
8300,563
8301,577
8302,570
8303,539
8304,533
8305,553
8306,525
8307,515
8308,575
8309,576
8310,559
8311,531
8312,572
8313,529
8314,556
8315,547
8316,547
8317,564
8318,523
8319,573
8320,562
8321,530
8322,569
8323,528
8324,534
8325,547
8326,562
8327,588
8328,548
8329,521
8330,568
8331,572
8332,534
8333,565
8334,524
8335,598
8336,561
8337,529
8338,561
8339,554
8340,588
8341,556
8342,579
8343,580
8344,552
8345,545
8346,603
8347,552
8348,563
8349,533
8350,569
8351,594
8352,563
8353,588
8354,561
8355,574
8356,552
8357,591
8358,552
8359,552
8360,583
8361,541
8362,586
8363,537
8364,551
8365,588
8366,576
8367,551
8368,579
8369,547
8370,592
8371,609
8372,493
8373,559
8374,566
8375,621
8376,566
8377,558
8378,553
8379,535
8380,550
8381,582
8382,556
8383,505
8384,569
8385,539
8386,568
8387,609
8388,535
8389,580
8390,537
8391,565
8392,559
8393,594
8394,566
8395,597
8396,537
8397,590
8398,524
8399,559
8400,539
8401,575
8402,587
8403,580
8404,572
8405,538
8406,542
8407,535
8408,555
8409,537
8410,537
8411,539
8412,556
8413,572
8414,535
8415,587
8416,571
8417,582
8418,583
8419,533
8420,538
8421,550
8422,604
8423,584
8424,577
8425,584
8426,533
8427,550
8428,569
8429,545
8430,554
8431,567
8432,579
8433,553
8434,579
8435,527
8436,566
8437,566
8438,520
8439,581
8440,544
8441,558
8442,571
8443,570
8444,550
8445,554
8446,557
8447,535
8448,569
8449,564
8450,560
8451,560
8452,590
8453,547
8454,545
8455,579
8456,578
8457,552
8458,555
8459,585
8460,536
8461,540
8462,622
8463,575
8464,565
8465,522
8466,600
8467,553
8468,549
8469,574
8470,596
8471,532
8472,566
8473,570
8474,544
8475,560
8476,627
8477,570
8478,606
8479,575
8480,556
8481,575
8482,599
8483,548
8484,541
8485,559
8486,529
8487,556
8488,586
8489,523
8490,570
8491,575
8492,582
8493,562
8494,531
8495,579
8496,593
8497,586
8498,573
8499,566
8500,599
8501,578
8502,549
8503,534
8504,546
8505,541
8506,563
8507,538
8508,610
8509,569
8510,610
8511,556
8512,584
8513,525
8514,546
8515,584
8516,569
8517,544
8518,497
8519,552
8520,564
8521,543
8522,563
8523,526
8524,555
8525,599
8526,605
8527,581
8528,555
8529,606
8530,554
8531,513
8532,599
8533,553
8534,578
8535,575
8536,566
8537,552
8538,546
8539,575
8540,517
8541,525
8542,584
8543,541
8544,573
8545,593
8546,585
8547,571
8548,602
8549,551
8550,553
8551,602
8552,561
8553,546
8554,554
8555,570
8556,510
8557,584
8558,553
8559,581
8560,570
8561,558
8562,580
8563,583
8564,555
8565,561
8566,550
8567,544
8568,586
8569,532
8570,610
8571,512
8572,557
8573,540
8574,548
8575,537
8576,577
8577,520
8578,541
8579,528
8580,567
8581,563
8582,533
8583,564
8584,577
8585,528
8586,603
8587,544
8588,535
8589,560
8590,598
8591,578
8592,528
8593,563
8594,533
8595,559
8596,606
8597,544
8598,594
8599,545
8600,548
8601,547
8602,571
8603,551
8604,572
8605,572
8606,554
8607,573
8608,586
8609,520
8610,495
8611,535
8612,551
8613,510
8614,554
8615,596
8616,587
8617,591
8618,535
8619,580
8620,572
8621,598
8622,573
8623,558
8624,557
8625,590
8626,568
8627,575
8628,533
8629,578
8630,560
8631,556
8632,582
8633,511
8634,552
8635,569
8636,597
8637,538
8638,563
8639,548
8640,577
8641,571
8642,576
8643,600
8644,624
8645,553
8646,561
8647,537
8648,543
8649,561
8650,600
8651,547
8652,618
8653,549
8654,502
8655,529
8656,559
8657,589
8658,567
8659,550
8660,582
8661,568
8662,566
8663,546
8664,533
8665,551
8666,534
8667,605
8668,504
8669,530
8670,526
8671,587
8672,572
8673,584
8674,585
8675,547
8676,571
8677,596
8678,547
8679,562
8680,563
8681,515
8682,593
8683,529
8684,554
8685,542
8686,526
8687,569
8688,559
8689,554
8690,565
8691,569
8692,547
8693,608
8694,573
8695,577
8696,549
8697,571
8698,582
8699,519
8700,553
8701,541
8702,580
8703,580
8704,553
8705,600
8706,559
8707,557
8708,517
8709,522
8710,562
8711,549
8712,551
8713,564
8714,578
8715,580
8716,561
8717,528
8718,568
8719,526
8720,533
8721,544
8722,606
8723,555
8724,548
8725,555
8726,563
8727,568
8728,541
8729,536
8730,571
8731,587
8732,574
8733,546
8734,552
8735,522
8736,564
8737,562
8738,554
8739,525
8740,537
8741,562
8742,556
8743,584
8744,525
8745,578
8746,580
8747,546
8748,584
8749,559
8750,558
8751,621
8752,568
8753,565
8754,577
8755,547
8756,568
8757,597
8758,572
8759,533
8760,586
8761,587
8762,527
8763,548
8764,551
8765,515
8766,568
8767,514
8768,564
8769,573
8770,569
8771,538
8772,565
8773,587
8774,545
8775,538
8776,548
8777,540
8778,584
8779,544
8780,569
8781,556
8782,584
8783,582
8784,570
8785,556
8786,566
8787,545
8788,557
8789,576
8790,584
8791,583
8792,546
8793,547
8794,579
8795,535
8796,623
8797,601
8798,521
8799,558
8800,548
8801,536
8802,555
8803,579
8804,548
8805,539
8806,561
8807,542
8808,554
8809,542
8810,503
8811,530
8812,579
8813,587
8814,490
8815,546
8816,538
8817,594
8818,572
8819,577
8820,569
8821,605
8822,526
8823,586
8824,607
8825,555
8826,550
8827,541
8828,541
8829,577
8830,558
8831,585
8832,593
8833,521
8834,558
8835,508
8836,565
8837,570
8838,581
8839,562
8840,585
8841,536
8842,554
8843,572
8844,607
8845,559
8846,563
8847,579
8848,582
8849,562
8850,565
8851,600
8852,580
8853,566
8854,583
8855,564
8856,553
8857,569
8858,589
8859,555
8860,609
8861,561
8862,566
8863,586
8864,563
8865,547
8866,583
8867,614
8868,553
8869,556
8870,532
8871,555
8872,543
8873,531
8874,542
8875,541
8876,547
8877,590
8878,565
8879,571
8880,575
8881,565
8882,548
8883,542
8884,515
8885,613
8886,609
8887,558
8888,554
8889,551
8890,552
8891,548
8892,568
8893,564
8894,567
8895,577
8896,494
8897,497
8898,605
8899,571
8900,594
8901,578
8902,585
8903,586
8904,533
8905,593
8906,556
8907,582
8908,518
8909,577
8910,577
8911,559
8912,569
8913,552
8914,560
8915,547
8916,566
8917,589
8918,613
8919,540
8920,575
8921,554
8922,557
8923,531
8924,546
8925,570
8926,594
8927,571
8928,577
8929,580
8930,553
8931,596
8932,571
8933,569
8934,575
8935,596
8936,565
8937,573
8938,543
8939,567
8940,590
8941,568
8942,599
8943,596
8944,559
8945,585
8946,586
8947,564
8948,561
8949,581
8950,566
8951,534
8952,569
8953,579
8954,579
8955,519
8956,622
8957,515
8958,564
8959,571
8960,565
8961,601
8962,561
8963,501
8964,541
8965,559
8966,587
8967,560
8968,557
8969,564
8970,560
8971,509
8972,593
8973,577
8974,548
8975,554
8976,583
8977,542
8978,523
8979,559
8980,541
8981,576
8982,564
8983,548
8984,602
8985,587
8986,620
8987,573
8988,574
8989,553
8990,558
8991,575
8992,567
8993,560
8994,566
8995,555
8996,601
8997,522
8998,587
8999,528
9000,548
9001,548
9002,521
9003,579
9004,569
9005,550
9006,509
9007,626
9008,523
9009,564
9010,537
9011,558
9012,509
9013,525
9014,544
9015,561
9016,551
9017,548
9018,592
9019,576
9020,546
9021,560
9022,615
9023,552
9024,558
9025,583
9026,539
9027,571
9028,586
9029,570
9030,560
9031,592
9032,523
9033,556
9034,548
9035,536
9036,557
9037,538
9038,598
9039,541
9040,556
9041,574
9042,573
9043,579
9044,573
9045,592
9046,557
9047,555
9048,547
9049,588
9050,577
9051,558
9052,554
9053,564
9054,561
9055,549
9056,551
9057,607
9058,539
9059,552
9060,593
9061,567
9062,560
9063,554
9064,540
9065,547
9066,573
9067,562
9068,554
9069,551
9070,583
9071,590
9072,556
9073,549
9074,588
9075,547
9076,543
9077,614
9078,589
9079,575
9080,593
9081,540
9082,581
9083,545
9084,592
9085,573
9086,550
9087,586
9088,568
9089,606
9090,526
9091,553
9092,570
9093,531
9094,574
9095,579
9096,530
9097,589
9098,596
9099,603
9100,562
9101,599
9102,591
9103,570
9104,611
9105,520
9106,549
9107,562
9108,535
9109,551
9110,548
9111,538
9112,564
9113,568
9114,608
9115,560
9116,591
9117,605
9118,590
9119,539
9120,539
9121,592
9122,530
9123,540
9124,598
9125,625
9126,572
9127,574
9128,548
9129,560
9130,542
9131,521
9132,502
9133,575
9134,545
9135,599
9136,510
9137,526
9138,545
9139,564
9140,517
9141,569
9142,529
9143,598
9144,530
9145,538
9146,563
9147,563
9148,583
9149,504
9150,589
9151,609
9152,519
9153,545
9154,582
9155,552
9156,559
9157,568
9158,553
9159,553
9160,520
9161,548
9162,576
9163,627
9164,563
9165,558
9166,562
9167,582
9168,558
9169,581
9170,593
9171,578
9172,557
9173,584
9174,536
9175,557
9176,525
9177,511
9178,536
9179,576
9180,537
9181,539
9182,565
9183,551
9184,561
9185,577
9186,528
9187,558
9188,569
9189,544
9190,597
9191,615
9192,555
9193,552
9194,531
9195,606
9196,566
9197,556
9198,560
9199,552
9200,593
9201,571
9202,566
9203,568
9204,561
9205,570
9206,540
9207,556
9208,566
9209,602
9210,540
9211,575
9212,550
9213,562
9214,562
9215,561
9216,559
9217,566
9218,574
9219,564
9220,559
9221,568
9222,552
9223,530
9224,565
9225,599
9226,581
9227,612
9228,604
9229,574
9230,571
9231,552
9232,521
9233,560
9234,586
9235,576
9236,552
9237,506
9238,592
9239,559
9240,609
9241,614
9242,524
9243,592
9244,595
9245,573
9246,542
9247,557
9248,526
9249,553
9250,500
9251,528
9252,547
9253,560
9254,550
9255,568
9256,554
9257,564
9258,596
9259,543
9260,513
9261,596
9262,541
9263,587
9264,576
9265,556
9266,584
9267,588
9268,584
9269,561
9270,591
9271,589
9272,569
9273,537
9274,569
9275,555
9276,582
9277,558
9278,571
9279,554
9280,591
9281,619
9282,556
9283,572
9284,532
9285,541
9286,554
9287,522
9288,552
9289,564
9290,549
9291,559
9292,545
9293,567
9294,567
9295,570
9296,583
9297,574
9298,597
9299,546
9300,583
9301,596
9302,617
9303,542
9304,589
9305,541
9306,598
9307,584
9308,535
9309,566
9310,515
9311,543
9312,558
9313,559
9314,545
9315,571
9316,564
9317,557
9318,557
9319,566
9320,539
9321,531
9322,549
9323,602
9324,533
9325,578
9326,551
9327,550
9328,542
9329,554
9330,582
9331,568
9332,560
9333,572
9334,547
9335,544
9336,567
9337,545
9338,550
9339,539
9340,582
9341,529
9342,561
9343,583
9344,544
9345,582
9346,575
9347,599
9348,545
9349,555
9350,603
9351,555
9352,552
9353,580
9354,543
9355,538
9356,633
9357,553
9358,539
9359,556
9360,587
9361,563
9362,585
9363,541
9364,593
9365,570
9366,563
9367,572
9368,576
9369,552
9370,581
9371,522
9372,575
9373,570
9374,546
9375,549
9376,568
9377,540
9378,512
9379,592
9380,543
9381,599
9382,559
9383,533
9384,551
9385,504
9386,546
9387,599
9388,536
9389,568
9390,543
9391,547
9392,553
9393,532
9394,552
9395,554
9396,522
9397,555
9398,542
9399,538
9400,605
9401,590
9402,586
9403,618
9404,569
9405,532
9406,591
9407,567
9408,548
9409,567
9410,587
9411,616
9412,540
9413,542
9414,568
9415,567
9416,584
9417,556
9418,565
9419,581
9420,533
9421,549
9422,565
9423,545
9424,553
9425,554
9426,630
9427,538
9428,605
9429,544
9430,514
9431,592
9432,554
9433,558
9434,557
9435,532
9436,560
9437,598
9438,556
9439,558
9440,562
9441,552
9442,556
9443,563
9444,566
9445,553
9446,616
9447,618
9448,557
9449,585
9450,577
9451,581
9452,554
9453,564
9454,580
9455,580
9456,601
9457,554
9458,578
9459,599
9460,542
9461,537
9462,577
9463,525
9464,555
9465,554
9466,588
9467,530
9468,587
9469,547
9470,555
9471,588
9472,569
9473,571
9474,533
9475,563
9476,562
9477,519
9478,541
9479,530
9480,552
9481,569
9482,560
9483,571
9484,561
9485,542
9486,575
9487,532
9488,557
9489,540
9490,573
9491,534
9492,548
9493,593
9494,557
9495,545
9496,590
9497,551
9498,550
9499,542
9500,544
9501,553
9502,556
9503,554
9504,570
9505,568
9506,570
9507,591
9508,573
9509,572
9510,596
9511,578
9512,587
9513,545
9514,554
9515,530
9516,557
9517,588
9518,597
9519,576
9520,564
9521,558
9522,567
9523,524
9524,552
9525,568
9526,574
9527,563
9528,591
9529,567
9530,584
9531,552
9532,528
9533,616
9534,565
9535,562
9536,549
9537,554
9538,544
9539,557
9540,539
9541,553
9542,506
9543,566
9544,567
9545,534
9546,574
9547,535
9548,531
9549,556
9550,563
9551,538
9552,558
9553,519
9554,590
9555,565
9556,600
9557,604
9558,558
9559,527
9560,566
9561,584
9562,530
9563,594
9564,541
9565,571
9566,550
9567,482
9568,532
9569,545
9570,549
9571,556
9572,574
9573,576
9574,540
9575,575
9576,589
9577,543
9578,533
9579,590
9580,560
9581,521
9582,603
9583,556
9584,566
9585,539
9586,569
9587,571
9588,585
9589,567
9590,554
9591,540
9592,548
9593,564
9594,569
9595,561
9596,561
9597,533
9598,602
9599,578
9600,540
9601,596
9602,553
9603,582
9604,557
9605,543
9606,583
9607,578
9608,568
9609,557
9610,591
9611,576
9612,538
9613,585
9614,543
9615,537
9616,540
9617,585
9618,559
9619,537
9620,552
9621,594
9622,530
9623,564
9624,547
9625,547
9626,543
9627,555
9628,538
9629,529
9630,560
9631,558
9632,561
9633,573
9634,549
9635,573
9636,562
9637,548
9638,564
9639,580
9640,561
9641,516
9642,598
9643,581
9644,602
9645,543
9646,534
9647,542
9648,540
9649,540
9650,575
9651,582
9652,549
9653,527
9654,586
9655,554
9656,517
9657,568
9658,536
9659,570
9660,557
9661,518
9662,524
9663,575
9664,574
9665,581
9666,584
9667,568
9668,559
9669,550
9670,522
9671,565
9672,608
9673,578
9674,552
9675,537
9676,544
9677,585
9678,537
9679,557
9680,520
9681,521
9682,562
9683,594
9684,543
9685,549
9686,609
9687,555
9688,569
9689,562
9690,568
9691,527
9692,570
9693,584
9694,587
9695,562
9696,536
9697,543
9698,577
9699,562
9700,549
9701,602
9702,603
9703,526
9704,544
9705,538
9706,533
9707,561
9708,596
9709,582
9710,581
9711,566
9712,565
9713,582
9714,546
9715,576
9716,560
9717,537
9718,636
9719,551
9720,582
9721,580
9722,553
9723,510
9724,562
9725,494
9726,578
9727,560
9728,543
9729,522
9730,538
9731,563
9732,567
9733,582
9734,539
9735,582
9736,615
9737,594
9738,589
9739,604
9740,580
9741,593
9742,560
9743,558
9744,523
9745,594
9746,585
9747,572
9748,591
9749,516
9750,570
9751,514
9752,550
9753,550
9754,539
9755,551
9756,574
9757,562
9758,566
9759,546
9760,563
9761,583
9762,538
9763,573
9764,559
9765,561
9766,535
9767,593
9768,524
9769,584
9770,540
9771,542
9772,554
9773,565
9774,535
9775,557
9776,573
9777,587
9778,577
9779,535
9780,543
9781,588
9782,566
9783,596
9784,572
9785,550
9786,553
9787,560
9788,549
9789,614
9790,581
9791,537
9792,573
9793,598
9794,570
9795,595
9796,563
9797,555
9798,588
9799,593
9800,532
9801,499
9802,575
9803,568
9804,558
9805,595
9806,558
9807,585
9808,599
9809,564
9810,567
9811,503
9812,599
9813,579
9814,538
9815,556
9816,549
9817,594
9818,536
9819,554
9820,554
9821,567
9822,579
9823,523
9824,572
9825,596
9826,581
9827,573
9828,615
9829,575
9830,569
9831,550
9832,587
9833,564
9834,542
9835,599
9836,559
9837,570
9838,510
9839,557
9840,528
9841,575
9842,548
9843,556
9844,531
9845,580
9846,521
9847,537
9848,544
9849,582
9850,552
9851,521
9852,539
9853,558
9854,542
9855,570
9856,586
9857,556
9858,565
9859,552
9860,577
9861,553
9862,598
9863,531
9864,556
9865,585
9866,566
9867,578
9868,513
9869,575
9870,549
9871,548
9872,563
9873,543
9874,569
9875,567
9876,561
9877,561
9878,610
9879,574
9880,577
9881,521
9882,583
9883,532
9884,562
9885,544
9886,573
9887,551
9888,525
9889,576
9890,538
9891,576
9892,584
9893,575
9894,550
9895,571
9896,561
9897,562
9898,535
9899,535
9900,596
9901,557
9902,581
9903,558
9904,523
9905,549
9906,570
9907,570
9908,510
9909,573
9910,547
9911,529
9912,582
9913,603
9914,552
9915,543
9916,574
9917,546
9918,521
9919,575
9920,554
9921,590
9922,537
9923,556
9924,561
9925,538
9926,558
9927,529
9928,575
9929,568
9930,561
9931,559
9932,564
9933,607
9934,528
9935,570
9936,534
9937,575
9938,531
9939,527
9940,539
9941,553
9942,554
9943,528
9944,548
9945,537
9946,533
9947,558
9948,520
9949,562
9950,589
9951,587
9952,514
9953,551
9954,540
9955,526
9956,626
9957,586
9958,625
9959,539
9960,554
9961,563
9962,586
9963,539
9964,590
9965,516
9966,564
9967,581
9968,539
9969,597
9970,547
9971,566
9972,551
9973,569
9974,525
9975,518
9976,586
9977,565
9978,566
9979,575
9980,574
9981,603
9982,556
9983,506
9984,571
9985,572
9986,558
9987,598
9988,541
9989,592
9990,563
9991,544
9992,531
9993,568
9994,575
9995,560
9996,557
9997,550
9998,584
9999,531
